Index,uv,dv
1,18.612540870361205,14.389244418244518
2,16.38547174818459,12.529381144961537
3,16.00425343763449,12.211019306573371
4,15.223210687690342,11.558757474830863
5,15.198044195735301,11.53774052209763
6,14.99478542798611,11.367995785677257
7,14.372369248917904,10.848206032367475
8,14.115130674806624,10.633382109997722
9,13.452108930861662,10.079683044532839
10,13.417828081274894,10.051054647070426
11,13.234295868235348,9.897784516206345
12,13.14969540582629,9.827133625413152
13,12.86146757504901,9.586431307225743
14,12.686661988115663,9.440449463127557
15,12.419423658529132,9.21727665998135
16,12.418102176064028,9.216173081549483
17,11.974988733069043,8.846127531970001
18,11.507878615256667,8.456046236522093
19,11.357825219645921,8.33073864689763
20,11.341679529280315,8.317255640790146
21,11.27001034487621,8.257405972355702
22,11.209685703388711,8.207030082708346
23,11.118585095658663,8.130954089529101
24,10.976336474458705,8.012166342262159
25,10.89826082066689,7.9469680402643
26,10.88959259159024,7.939729520106208
27,10.830142989177112,7.8900854555908895
28,10.621362587566567,7.715742815009921
29,10.470165910190191,7.5894876513624085
30,10.393801595518797,7.525721204859534
31,10.33729412822676,7.478536169820167
32,10.306911909007951,7.453166452106212
33,10.256916445613959,7.411419525401184
34,10.248144162448671,7.404094571927198
35,10.228543247063095,7.387727622248667
36,10.083524716318983,7.266637215283633
37,10.063319975570563,7.249766480517989
38,10.058406891460692,7.245664118111479
39,10.032444449141263,7.2239858664188406
40,10.012788300256481,7.207573338960771
41,9.943236257175135,7.14949910248811
42,9.744047313104003,6.983185628197479
43,9.6391906850215,6.895638206026472
44,9.634335691952948,6.891584706066806
45,9.572788313775332,6.840198410136773
46,9.290205974832517,6.6042807678750055
47,9.198240721724167,6.527507363608692
48,9.16200827798401,6.497260979306245
49,9.064391518264793,6.41577412014615
50,8.970081953958458,6.337051549124599
51,8.865232566021595,6.249535685265072
52,8.800427425055826,6.1954466566402875
53,8.795659688555213,6.1914673927052
54,8.649033271891822,6.069095673966627
55,8.52792660426498,5.968032089481614
56,8.439588725378826,5.894320422590182
57,8.439475445056946,5.894225901926205
58,8.410092464789388,5.869709189420371
59,8.40143929950136,5.862489247871859
60,8.292278531245355,5.7714140516085575
61,8.251424781776798,5.737331539783622
62,8.14238316054577,5.646370602119336
63,8.11780327185286,5.625868072771943
64,8.09473967610445,5.6066308960921
65,8.089262358196795,5.602062390078535
66,8.032292130321334,5.554546810788692
67,7.9130709407758335,5.455123818114912
68,7.798140816880833,5.359297068567874
69,7.676216191359416,5.257660002964252
70,7.602701974614982,5.196390085153329
71,7.564913079279109,5.164898982871885
72,7.539568781911876,5.143780008611319
73,7.526478834517202,5.132872865130174
74,7.515316362319506,5.123572049502546
75,7.447318149095485,5.066919940764008
76,7.34950023786214,4.98544140285864
77,7.30952814481539,4.952152606381379
78,7.307026510036578,4.950069372373826
79,7.29089876880348,4.9366393854838195
80,7.277954995850818,4.925861245365504
81,7.238020231662485,4.892610722763297
82,7.199135590180991,4.860238636368947
83,7.120624798553465,4.794890106858852
84,7.116561395751004,4.7915084217105965
85,7.103554618263711,4.780684129404734
86,7.041425670162713,4.728987436780758
87,7.030238525283298,4.719680073657906
88,7.016934032889956,4.708611680196784
89,7.010331461188464,4.703119028529352
90,6.966388307082842,4.666566693128401
91,6.942595300785663,4.646778264123707
92,6.915553314477443,4.62429017305369
93,6.911014031808268,4.620515573864329
94,6.909106599247389,4.618929488594811
95,6.886123211690086,4.5998192148834685
96,6.868091050128731,4.584827209452146
97,6.856886792997833,4.575512585870641
98,6.828835610456792,4.552194507969909
99,6.7983833176058726,4.526884079509881
100,6.764214628696624,4.498489395679019
101,6.6920921161463145,4.438571360535556
102,6.670949018555873,4.421010592223008
103,6.633253347660966,4.389707112078011
104,6.617248145629861,4.376418082939079
105,6.60616212229724,4.367214174903655
106,6.573914552038156,4.340444977151101
107,6.515625010701825,4.292071949402449
108,6.456661239071184,4.243158694537924
109,6.453540696327253,4.240570618907985
110,6.450085397770015,4.237704975309806
111,6.434665380894535,4.224917292330967
112,6.424032075686656,4.216100024250611
113,6.409423795875964,4.203987788092273
114,6.383752941460636,4.18270640743708
115,6.354571903627347,4.158520159107428
116,6.333276519412251,4.140873330437972
117,6.316634689119451,4.12708487202124
118,6.310300480992867,4.121837207843734
119,6.302706781229438,4.11554646305614
120,6.2613926712561065,4.08132824517356
121,6.2107145095952925,4.039371148500895
122,6.21063223017583,4.039303043886493
123,6.124805553550633,3.9682910431978318
124,6.116939192002623,3.961785472465085
125,6.055956674712389,3.9113700170136534
126,6.053605301405283,3.9094267358329255
127,6.007200645085869,3.8710860018919044
128,6.006938781207549,3.870869698977501
129,6.005703403501265,3.869849269768327
130,5.957669129192393,3.8301838432641637
131,5.944913653131865,3.8196544437244295
132,5.911759024682542,3.7922934950345026
133,5.906443464193992,3.7879078465788405
134,5.889889702138178,3.774251885267484
135,5.8809342293942555,3.7668652893205663
136,5.874863560602654,3.761858597573857
137,5.870408204617566,3.758184358115958
138,5.829951886757729,3.72483062884234
139,5.825782068477243,3.7213938869960947
140,5.758322540313491,3.6658214476328452
141,5.746669057034895,3.65622679215171
142,5.717420087415204,3.6321524579460016
143,5.715532120552207,3.6305988630653157
144,5.698334814338116,3.6164493536596813
145,5.695149030724175,3.6138285768477605
146,5.623190771245107,3.554667088821876
147,5.553129076082689,3.497131982397454
148,5.521149931129335,3.470893766435465
149,5.519050841956214,3.469172034920761
150,5.492407100803231,3.447323846980126
151,5.471105336048693,3.429863938127017
152,5.41805786651588,3.3864148654493955
153,5.369941500657845,3.347044538117676
154,5.363190732251758,3.3415239853180068
155,5.356550067346649,3.3360942397132027
156,5.346035938473099,3.327498922720776
157,5.337185418353173,3.320265112459504
158,5.285495743015517,3.2780455839945573
159,5.251205932320706,3.2500653145953966
160,5.229418984155478,3.2322989794331325
161,5.19837550006016,3.2070004352276293
162,5.186216131112133,3.197096555130317
163,5.176280015863303,3.18900576469169
164,5.175494697496374,3.1883663811801073
165,5.145272787663921,3.16377030968887
166,5.14283205244145,3.161784756383017
167,5.129207868163463,3.1507037274805234
168,5.118112336687805,3.1416822850901096
169,5.097103660664983,3.1246081055745427
170,5.071154015863131,3.1035318028345826
171,5.065181054040637,3.09868271022314
172,5.064818917126772,3.0983887388829157
173,5.009657777061205,3.0536461551151954
174,4.94793733698726,3.0036697984505323
175,4.9282072885001735,2.9877140688577426
176,4.914671793479978,2.9767736847465773
177,4.899627140750188,2.9646191054946116
178,4.889373703155008,2.956338778677875
179,4.883733743835379,2.951785335451326
180,4.85537666684315,2.928904169761257
181,4.854593130832828,2.928272250819024
182,4.77673895145119,2.86556946756931
183,4.76060467496685,2.8525971148625917
184,4.742224866834103,2.8378288082094896
185,4.726687080400915,2.825352102425054
186,4.717531607254234,2.818003820577583
187,4.654357945371321,2.767372178335559
188,4.637276816141933,2.7537044463749574
189,4.617464981634929,2.7378639039840453
190,4.542612376734475,2.6781377642232163
191,4.531972203736735,2.6696639649988394
192,4.48919942956446,2.6356419952497534
193,4.485441934847494,2.6326565164163083
194,4.47894484835715,2.6274955906595023
195,4.466798175407946,2.617851282208045
196,4.435018463330656,2.592645695336179
197,4.41880906633356,2.5798048290709894
198,4.3948481961036086,2.5608427515463363
199,4.379783316857755,2.548932790657759
200,4.3783692264128415,2.5478153244286017
201,4.375613553336754,2.54563792948356
202,4.357288742961993,2.5311666728218145
203,4.335688054313883,2.5141267077944494
204,4.322427332400474,2.5036757711331994
205,4.31779900543989,2.5000299308531146
206,4.269472843209711,2.462018977840323
207,4.243858596483671,2.4419149547127343
208,4.243332070231135,2.441502014513186
209,4.217411227943061,2.421189066386412
210,4.181622322327748,2.393195612792742
211,4.153905405620372,2.3715589050551773
212,4.137099819189925,2.3584585982974464
213,4.1368962664847855,2.358300012130052
214,4.128750271715882,2.351955266653329
215,4.1218636816204715,2.3465940879493505
216,4.116665888019278,2.3425492417216542
217,4.105977870405382,2.33423636876353
218,4.085433993116249,2.3182745856979974
219,4.066424181977931,2.30352458302486
220,4.063019273664327,2.300884702817955
221,4.05538029531695,2.2949643531814115
222,4.050603699524316,2.291264007688441
223,4.036679746905663,2.2804844592286995
224,4.036494588577615,2.280341186185091
225,4.029117442159079,2.274634385116068
226,4.025466774710111,2.2718114196627472
227,4.023178083959285,2.2700420118788216
228,4.009595836762997,2.2595474580389756
229,3.99513627756859,2.248386421727631
230,3.9832697266809056,2.239235741201903
231,3.951380669897792,2.214685268172651
232,3.9084101561837548,2.181698316110029
233,3.9004645182256903,2.1756109128132763
234,3.8955798779863504,2.1718705509207603
235,3.8844096996402646,2.163322617337641
236,3.8584425168128296,2.143481304280966
237,3.8427315780887485,2.131497330215474
238,3.839460177308565,2.129003953128849
239,3.8365314993646984,2.1267723723570215
240,3.8338656115976715,2.124741510236251
241,3.8003236850300715,2.099228805774496
242,3.786321060245414,2.0885999833288302
243,3.751810896148832,2.0624608803606312
244,3.74504612840376,2.0573465258871417
245,3.719835720477428,2.0383146293325862
246,3.717010093373945,2.0361842645739565
247,3.712576137584283,2.032842442123649
248,3.663787638365855,1.9961637190273047
249,3.662734329637875,1.9953737496486164
250,3.6602504690066664,1.9935112046301677
251,3.657839682958301,1.991703888022429
252,3.654924208657361,1.9895187876727174
253,3.649231382546142,1.985253913267546
254,3.5902274535217207,1.9411931783360141
255,3.584375834938613,1.936837994513053
256,3.5630427460832856,1.9209829955510596
257,3.5629664257788396,1.9209263374527112
258,3.547584264373811,1.9095164458148206
259,3.5163668128985757,1.8864187277233913
260,3.5117706006578384,1.8830246662164707
261,3.505073268589208,1.8780821320338135
262,3.504360527644777,1.877556356198892
263,3.498994876901806,1.8735995568374835
264,3.4924141542857443,1.8687499702932617
265,3.490693949385651,1.8674828767502205
266,3.4896499180809273,1.8667139687687797
267,3.489354530409114,1.8664964381444347
268,3.475420442367438,1.856243304372589
269,3.4607070774158397,1.8454344480362161
270,3.4548216882157194,1.8411160048803603
271,3.438343170334994,1.8290405198746327
272,3.4297009697468925,1.8227168399226383
273,3.4250150353264974,1.8192907488080061
274,3.424439144085461,1.8188698213033436
275,3.4149901856034193,1.8119675680705323
276,3.4102504281962975,1.8085082246384565
277,3.4015729075237005,1.8021800021714756
278,3.390034243654594,1.7937755707213536
279,3.382988387385505,1.788649405159609
280,3.3730017046448326,1.7813912903704163
281,3.332488427635159,1.752040092122344
282,3.3056706641682774,1.7326946574556048
283,3.3026332305769697,1.730507822061345
284,3.288607815362005,1.720421438944201
285,3.2683323616346955,1.70587368651666
286,3.267999439204538,1.7056351444293136
287,3.2283043125533846,1.677271086384922
288,3.2195095852822737,1.67100797263123
289,3.2039778851489213,1.6599661666811123
290,3.176274951969423,1.6403325422527666
291,3.1543464071343044,1.6248475648939273
292,3.1467403959784646,1.6194882891082145
293,3.144664723126808,1.6180268073067494
294,3.1336703562912036,1.6102932800708991
295,3.133469543953921,1.6101521464410609
296,3.1039543636199216,1.5894554914661077
297,3.1034492461601673,1.5891021110150823
298,3.0976535558431175,1.5850494295711228
299,3.097148704709129,1.5846965818085714
300,3.084930934868327,1.5761659103561076
301,3.078104419564064,1.5714066561052453
302,3.0742910374608816,1.568750314551332
303,3.0615763961973967,1.5599051649468538
304,3.0498710996422504,1.551778153720183
305,3.0352265721745897,1.5416321773995696
306,3.0152764382683213,1.5278496884636352
307,3.00946279030135,1.5238419534792722
308,3.0039754842150796,1.520062775377136
309,3.0008170668031644,1.5178891176657936
310,2.9857043470002695,1.5075044877801058
311,2.982443251026043,1.505267154580152
312,2.9780223740220735,1.5022361337720966
313,2.9688424899333694,1.4959496484150656
314,2.963235130396981,1.4921145912745903
315,2.949632393343908,1.4828268485672131
316,2.9351021583088777,1.472930433591997
317,2.926754859233381,1.4672567504270437
318,2.9192113634730177,1.4621367375548158
319,2.914797769164954,1.4591443275414002
320,2.884737197711162,1.4388274811400996
321,2.870676273809384,1.4293630397741022
322,2.8582136416347166,1.4209953544877982
323,2.836018651421704,1.4061424007600807
324,2.8312992888737987,1.4029923912287088
325,2.8259196723007696,1.3994052178784555
326,2.8127771803737716,1.3906576023032375
327,2.8041138894537894,1.3849037514536273
328,2.8011296103606482,1.382923996105322
329,2.7983284886278947,1.3810668206750294
330,2.783664493258698,1.3713614778072978
331,2.7755197139556738,1.3659833052487391
332,2.744115362189958,1.345330459637086
333,2.7325773961986566,1.3377765256523526
334,2.716007293889555,1.3269603383221564
335,2.695336576446863,1.31352140066698
336,2.6777887693845535,1.3021603456813913
337,2.6771482279938437,1.30174646982191
338,2.671567871598807,1.2981433030516527
339,2.6682793542146177,1.296022047567853
340,2.6576589569542137,1.2891820455100405
341,2.654460484827129,1.2871252952060264
342,2.624973481821191,1.2682344835764172
343,2.6240535996732706,1.2676472243848649
344,2.62299404946272,1.2669709557776268
345,2.610966246398033,1.2593058059940632
346,2.603637626106125,1.2546459836670387
347,2.599521574004762,1.2520323762158323
348,2.592256440091812,1.247425403460176
349,2.5813479536450674,1.2405231267699863
350,2.565206967859471,1.2303433407821167
351,2.5520660778040902,1.2220852688287296
352,2.5429939386951417,1.2163997392557375
353,2.537758177845897,1.213124321982498
354,2.5276635308078355,1.2068213923992284
355,2.52680568657967,1.2062865081346115
356,2.5202238162991866,1.202186438586202
357,2.5198571490035584,1.2019582306947745
358,2.4941777805418224,1.1860290764028334
359,2.4875931282469654,1.181961592214647
360,2.4772059210647988,1.1755594504064557
361,2.4621230216127006,1.1662944159916502
362,2.459573257998414,1.1647318456943068
363,2.4495518911058256,1.1586008374789047
364,2.4358793190700565,1.1502628853716095
365,2.429541116298654,1.1464082295067868
366,2.407341119050736,1.1329603107553279
367,2.3917112618286045,1.1235425186150363
368,2.386921219765253,1.120664647391116
369,2.36850830092322,1.109638989502277
370,2.3399841424223036,1.0926755277959035
371,2.3250974507899076,1.0838794429142768
372,2.3148309388680612,1.0778363523334817
373,2.3037767981233626,1.0713508622796095
374,2.276474530430175,1.0554277785413033
375,2.2611633421342097,1.0465580547657616
376,2.2426702014415056,1.0359032385121127
377,2.2182508606906466,1.0219327826587594
378,2.214371184556759,1.0197236411169668
379,2.2021262517769973,1.0127701476794655
380,2.201814671272453,1.012593587986476
381,2.1962994693176014,1.0094714576486536
382,2.1960850906886193,1.0093502177198364
383,2.1658079440146993,0.9923172189345556
384,2.1571733634762085,0.9874926766699329
385,2.143006200955028,0.9796089084084714
386,2.131118356267987,0.9730245239253188
387,2.1230265745783723,0.9685589721701515
388,2.1190764099523363,0.9663838396892274
389,2.1084036020187047,0.960522801529155
390,2.099869041305974,0.955852748165093
391,2.0983910996369772,0.9550455473604991
392,2.0761476046645413,0.9429514336031123
393,2.075669670325591,0.9426927013049764
394,2.0547331140630165,0.9314055604864094
395,2.046949931282801,0.9272331180607895
396,2.0427216268679027,0.9249717801981814
397,2.0424662224355314,0.9248353092901124
398,2.0271412999956286,0.9166722115990049
399,2.027116755669797,0.9166591779962986
400,2.0212856450949475,0.9135663993934623
401,2.0188382281809614,0.9122704919983102
402,2.003562039175314,0.904211086020803
403,1.9886415256143277,0.8963884769677886
404,1.968376730260219,0.8858425366629527
405,1.9638673548177752,0.883508242540076
406,1.9470032102533767,0.8748188654177935
407,1.9344894321697201,0.8684125497490582
408,1.933519147112971,0.8679173074010599
409,1.8906607926983754,0.8462579211763651
410,1.884528892921606,0.8431939234680683
411,1.882310102880738,0.8420874097098818
412,1.8796616130197936,0.8407681206504505
413,1.8731244915947642,0.8375188735785005
414,1.8542970251455457,0.8282174120874146
415,1.8537486519386308,0.8279477627100413
416,1.8509496212597871,0.8265725290680581
417,1.8463382954800935,0.824310970611335
418,1.8321856718011431,0.8174020338412795
419,1.8290535978093294,0.8158795944096426
420,1.8273974642178288,0.815075544675997
421,1.813808745459285,0.8085035317015284
422,1.8112430883563764,0.80726776146931
423,1.8089159494372138,0.8061482758267914
424,1.7990207110467153,0.8014030257032125
425,1.7890680606921374,0.7966547264116267
426,1.7807790175831935,0.7927189667461868
427,1.7634164977746767,0.7845309285296105
428,1.7490815013654422,0.7778282028146071
429,1.748559502985955,0.7775851169687835
430,1.7377079821300292,0.7725475710337688
431,1.7206603564600604,0.7646949867111752
432,1.717584938781814,0.7632864032960003
433,1.715301756822116,0.7622422706357677
434,1.709731213978981,0.7597004996062281
435,1.7069062686062548,0.7584146192205876
436,1.7034982409770318,0.7568661174998896
437,1.6951652523954337,0.753092759115424
438,1.6946156423398353,0.7528445287175389
439,1.6923093571862105,0.7518037713961251
440,1.6782297749906723,0.7454807399743268
441,1.6732757733597436,0.7432685247443034
442,1.668155261602085,0.7409888766397763
443,1.6671800950201041,0.7405555327237392
444,1.6663835732045018,0.740201764946097
445,1.6574149990441742,0.7362302798132434
446,1.6475257756867177,0.731876393499046
447,1.6417451138296577,0.7293437109965941
448,1.6377452131164092,0.7275965876426085
449,1.629704213246691,0.7240976464783213
450,1.6070998315867853,0.7143574974681834
451,1.595174967788958,0.7092766184448296
452,1.5934434093282501,0.7085421737133788
453,1.585441617108275,0.7051592060337815
454,1.5844103788259976,0.7047245430806743
455,1.5805961439662384,0.7031194841489604
456,1.5659646154328752,0.6970009386530236
457,1.5366753708225573,0.6849383523128981
458,1.521827899060653,0.6789191896654403
459,1.5194222335980914,0.6779500535963376
460,1.5105267174252734,0.6743813516883246
461,1.5028150594128296,0.6713066590577461
462,1.5005725926696118,0.6704159088836225
463,1.4945410062636206,0.668027535574106
464,1.4796162483760908,0.6621648219352961
465,1.4710117805527065,0.6588155520559591
466,1.4571296175395227,0.6534597016934505
467,1.4553520143717347,0.6527781685506964
468,1.4522325910113287,0.6515845400094114
469,1.447414167017217,0.6497467168454937
470,1.4447627099372964,0.6487384805809566
471,1.439451245563178,0.6467253337909622
472,1.43784959378832,0.646120002447334
473,1.42993356940086,0.6431399830600084
474,1.4224242109846523,0.640331229776982
475,1.4130503672318075,0.6368500617223432
476,1.412556968067256,0.6366675987805738
477,1.4113613459297099,0.6362257687229971
478,1.4071953840817588,0.6346898295002381
479,1.4048709238469315,0.6338352310965085
480,1.401325942416195,0.6325352220309111
481,1.397821080665288,0.6312538755866339
482,1.3955647402894213,0.6304310598012783
483,1.3821205256572806,0.625562334524975
484,1.3769925603933006,0.6237206677103148
485,1.3768543119473666,0.6236711350290682
486,1.3713552848361528,0.6217059438337661
487,1.3599566195551966,0.6176638332118829
488,1.3557217022743635,0.6161729341955944
489,1.333958747642865,0.6086048352363271
490,1.3221317353522255,0.6045581885970059
491,1.318136912134492,0.6032019690480551
492,1.3180389551626681,0.603168780820053
493,1.3141658059743015,0.6018591397650324
494,1.2936290448900505,0.5950001012119868
495,1.2872620708522386,0.5929028886569956
496,1.272462918094987,0.5880822408145099
497,1.271868475901608,0.5878901942564777
498,1.2648294490769447,0.5856254521708907
499,1.2640387400892708,0.5853721289972191
500,1.2438335746685094,0.5789733700246362
501,1.2419305142469415,0.5783781130355522
502,1.2385576224891102,0.5773262648799821
503,1.2354905195314967,0.5763732878289827
504,1.2354346255674453,0.5763559521218292
505,1.2353341571701615,0.5763247942966268
506,1.2324685954966483,0.5754376245822603
507,1.2266866748411482,0.5736564840533271
508,1.2196858565293198,0.5715158870178119
509,1.2170333228464032,0.5707094398164942
510,1.207366403429679,0.5677919067476431
511,1.2064752363849682,0.5675246500392757
512,1.2060305958719566,0.5673914122296772
513,1.2055254720600965,0.5672401374839953
514,1.2048681745587293,0.5670434283801863
515,1.193719245422211,0.5637308508810355
516,1.1810585127619007,0.5600242384635433
517,1.1790388307665483,0.5594384020354948
518,1.1701579216456004,0.5568802716081558
519,1.1657933943825738,0.5556338004034368
520,1.1465051279370448,0.5502104477035764
521,1.146148952634368,0.5501116140252262
522,1.1295205762773457,0.5455508927251518
523,1.1290408902501372,0.5454208855511415
524,1.127872497765964,0.5451045882792466
525,1.1236769923422778,0.5439731105159213
526,1.119884866905709,0.5429562098040481
527,1.1178620923803737,0.5424160334106447
528,1.1145393519546598,0.5415321135240181
529,1.1141915877545816,0.5414398460912095
530,1.1130004056272498,0.5411241589124146
531,1.103748081329994,0.5386907336284751
532,1.0949896987721546,0.5364177464941065
533,1.082687191789638,0.5332754383847709
534,1.0766942230669279,0.531766181994729
535,1.0751768604286664,0.5313862929155247
536,1.0712818628226322,0.5304152895055094
537,1.0518864874445457,0.5256695681288269
538,1.0469655243751594,0.5244893187737656
539,1.045092933613873,0.5240427407475043
540,1.044912403904256,0.5239997620613961
541,1.0359473291712704,0.5218819162595545
542,1.0354640547733507,0.5217686697921098
543,1.0292321051080475,0.5203167738859442
544,1.0196804261942327,0.5181219849242062
545,1.0142415078826739,0.5168888028349887
546,1.009825923114882,0.515896522568025
547,1.0076149903253762,0.5154026727877731
548,1.0034039658501377,0.5144676096465408
549,1.0020009788452968,0.514157690971891
550,0.9997759938429976,0.513667852501537
551,0.9958460141625596,0.5128076311835581
552,0.9889096393630076,0.5113048974770134
553,0.9843773021020792,0.5103337401018417
554,0.9821687389716599,0.5098635919839664
555,0.9791795508321787,0.5092304957547561
556,0.9777040084873079,0.5089193528377036
557,0.9758888333182572,0.508537836300953
558,0.9712284203653445,0.5075645952283133
559,0.960926908376682,0.5054455450268087
560,0.9601082545215338,0.5052790544364165
561,0.9599267544171137,0.5052421806844504
562,0.944805378137524,0.502218851735791
563,0.9446074217094206,0.5021799133145886
564,0.9429733060077076,0.5018591135824773
565,0.9360288196871858,0.500508449072754
566,0.9328228229856442,0.4998918153394977
567,0.9266214736168893,0.4987114912899134
568,0.9150475743934366,0.49655256366041406
569,0.9144036612880211,0.4964341381109364
570,0.9125138811296502,0.49608760684098263
571,0.911456350627782,0.49589435602336523
572,0.9044623944075474,0.4946284148770314
573,0.90272699850884,0.49431756438972635
574,0.9010684447717625,0.49402169311356364
575,0.9004970229979851,0.4939200317233601
576,0.8984604375281393,0.4935588514503152
577,0.8955651096544941,0.4930484646189995
578,0.8832264355347736,0.49091415341257966
579,0.8832201835371559,0.49091308872198147
580,0.8816127461387573,0.49063991286759995
581,0.8716289639795839,0.48896843684022157
582,0.8699936180832419,0.48869879594631827
583,0.869957941967884,0.4886929265881199
584,0.8636572985169013,0.48766509226496335
585,0.8612751666911339,0.4872810207171876
586,0.8584510679005992,0.48682891474785195
587,0.8527674565539238,0.4859296490105559
588,0.8518622892423083,0.48578774328986035
589,0.8480480785691689,0.48519373834677054
590,0.8390614532192432,0.48381955018252604
591,0.8390000094500247,0.4838102771390938
592,0.8365343372374943,0.4834395356654325
593,0.8314949336375849,0.482690160913549
594,0.8302199303344224,0.48250234408919535
595,0.8282875103567001,0.48221905657380193
596,0.8281984122239354,0.48220603489079317
597,0.8177540555240818,0.4807039638482591
598,0.816899424494006,0.4805831946528758
599,0.8147519263008953,0.4802811591005085
600,0.8114825147524479,0.47982526323738917
601,0.8103029062760785,0.4796619408585141
602,0.8079316620418874,0.47933550153577376
603,0.8033984751284587,0.47871839337782673
604,0.7765108486655639,0.47524619686142733
605,0.7653026139113066,0.473893940203469
606,0.7504626521271982,0.47218966392967465
607,0.7474286106800959,0.471853300020447
608,0.74323430950171,0.47139505126591696
609,0.7430396652144822,0.471373975380617
610,0.7423859748224786,0.4713033177467779
611,0.7269593801933569,0.4696909425335998
612,0.7242416008346217,0.4694178171325024
613,0.7137912393295155,0.4683980264705805
614,0.7103959617490381,0.46807707383764374
615,0.7030741157684343,0.46740220919994957
616,0.679881368630923,0.46541926520133614
617,0.6774790785298366,0.4652272262067838
618,0.6689202737420612,0.4645632346836951
619,0.6676516991955914,0.4644674934557397
620,0.6666269015077282,0.4643906529982421
621,0.6642208474615904,0.4642120069198412
622,0.6580469853694355,0.46376488002565375
623,0.6573733961025744,0.46371707542121443
624,0.6573182838359509,0.46371317260400424
625,0.6504876665121565,0.46323938132171705
626,0.6329267447762934,0.46211076603299295
627,0.6263642778465348,0.4617215933606802
628,0.6229590155428811,0.46152653763450147
629,0.6202742747924739,0.46137604619050965
630,0.6188435319026645,0.4612970269857896
631,0.6183815847369736,0.46127168861187956
632,0.618345718263658,0.4612697248552801
633,0.6159071154897034,0.4611374089237362
634,0.6131149313547446,0.4609888075063572
635,0.610531128453075,0.46085403904227723
636,0.6101322749368225,0.4608334692084964
637,0.6074497467824082,0.4606967436397179
638,0.5995138777368437,0.4603086264080505
639,0.5970472253185836,0.46019292207106866
640,0.5947584518995145,0.46008763112177936
641,0.5916782742090922,0.45994905562838445
642,0.5789141457241036,0.4594123354430182
643,0.5763681066100604,0.4593123747199455
644,0.5734255937014036,0.4591997294386921
645,0.5727063235510714,0.45917266079994123
646,0.571426070131131,0.45912493104493973
647,0.5697740832455692,0.45906419134640214
648,0.569427637761442,0.4590515741726103
649,0.554053580801996,0.45853285969685553
650,0.5490637661932112,0.4583813000214225
651,0.5462432783987339,0.4582991366913907
652,0.5351958763552863,0.45800085810106034
653,0.5331756309791322,0.4579502397861668
654,0.528108560594805,0.4578284139565925
655,0.5246652069340061,0.45774970873898563
656,0.5140441516744927,0.45752671406895734
657,0.5131217983500149,0.45750869707700714
658,0.5113209629220539,0.4574741149584527
659,0.5049166001555112,0.45735730262285584
660,0.5044294351178007,0.45734879879276263
661,0.4990930284225405,0.45725901221096854
662,0.4982381358550284,0.4572451850583918
663,0.4979861475561096,0.45724113785252296
664,0.4926368673082103,0.45715818899745714
665,0.4894277860546499,0.45711102580804935
666,0.4878270072120723,0.4570881879766534
667,0.4869524226141089,0.45707589764447515
668,0.4868980908222479,0.4570751384261945
669,0.486876572101599,0.45707483786723124
670,0.481709667429329,0.45700486016715436
671,0.47481987117372493,0.45691776886783625
672,0.4733089439386129,0.4568995195976401
673,0.47269831749213387,0.45689222398548246
674,0.47138619540796767,0.4568766967999869
675,0.46858846804531107,0.4568442374886079
676,0.4671653610271268,0.45682804369104524
677,0.465434640358358,0.45680861637892894
678,0.46294295018662246,0.45678112177790553
679,0.4601190187003894,0.45675056567106825
680,0.45980714362576136,0.4567472265995222
681,0.45359177973606607,0.4566818832535808
682,0.4519085573695132,0.4566644998153024
683,0.45076850534955204,0.4566527795140959
684,0.4492361186092837,0.45663708001596964
685,0.4447093759274193,0.45659090793165186
686,0.44355342419012567,0.4565791277147241
687,0.4432597933133553,0.45657613389024815
688,0.44110885396700095,0.45655416906964774
689,0.43575461710589297,0.45649895877564167
690,0.4313962023350641,0.45645300127677274
691,0.4256296976877917,0.4563899412542325
692,0.42143243791713536,0.45634183027247754
693,0.4206355187551952,0.4563324407433042
694,0.4130120026973255,0.45623762552486696
695,0.4126764935463858,0.4562332186775346
696,0.4112548626426954,0.4562142997322975
697,0.409752038167011,0.4561938501920287
698,0.4090799541368711,0.4561845488416952
699,0.4071941861257829,0.4561579117775534
700,0.40482035137947286,0.45612318890554354
701,0.40309304013539443,0.45609703428161374
702,0.40260960745458296,0.4560895738393897
703,0.3976984117029997,0.4560100528983608
704,0.390292157813254,0.45587567884260655
705,0.3864247897680303,0.45579758604768034
706,0.38513907133826253,0.4557702934898776
707,0.37776409802071087,0.4555996364689031
708,0.3686687422360558,0.45535157039988394
709,0.36128085482029604,0.45511421236061
710,0.3586866878693512,0.45502227142457957
711,0.35674215803682263,0.4549502057832785
712,0.35547075117927296,0.4549015764294704
713,0.3461455944422259,0.45450560973658544
714,0.34128209637093354,0.45426912133476494
715,0.33790727232106077,0.45409171928959524
716,0.3330186674371598,0.45381399930780264
717,0.3315289259140447,0.45372422946185675
718,0.3294568391643388,0.4535951971507829
719,0.3257678557294668,0.4533530053736434
720,0.3248649419371969,0.4532912086151102
721,0.3233727572082532,0.45318684240337226
722,0.3221845188506124,0.45310170289827084
723,0.32203744428792347,0.4530910376385831
724,0.32137132111006295,0.45304237894182975
725,0.32091901108376775,0.45300900597045624
726,0.3203210918464945,0.45296447275190416
727,0.3201552231724286,0.45295203421476204
728,0.31933282006259767,0.4528898150014754
729,0.3169972763005165,0.45270807148100767
730,0.30940418770667955,0.4520627655958126
731,0.306561406072102,0.45179835786152944
732,0.30506279052681873,0.45165367166556736
733,0.30405102695706415,0.4515538663497992
734,0.29996262450877087,0.45113257402261187
735,0.2981430797002294,0.4509354895389365
736,0.2934840415745513,0.45040253372318273
737,0.2917092325898737,0.45018837375523174
738,0.28892532433613605,0.44983952497118773
739,0.28754410014440435,0.44966042120864386
740,0.28683930690527965,0.4495674556695874
741,0.281422133116775,0.44881611433395263
742,0.28007544132629136,0.44861887188953276
743,0.2787932154103931,0.448427053948835
744,0.2747840133270141,0.4478012156838931
745,0.274525993152282,0.44775955060073
746,0.27427025993579246,0.4477180857271401
747,0.2741329592887267,0.4476957539867481
748,0.27178817500600216,0.4473067708472074
749,0.26870067228335487,0.44677208470574
750,0.2618167894425541,0.4454825586652761
751,0.26121182841660384,0.4453624904383952
752,0.26083457391822384,0.4452870442871415
753,0.25933538562931213,0.4449828380816364
754,0.25910471483490993,0.4449354034702593
755,0.25577303436672866,0.44423116314151767
756,0.2524419324346979,0.443490154013791
757,0.25233644563706936,0.44346606713145126
758,0.2512130829360707,0.4432071438495957
759,0.24925958079488758,0.4427462177418047
760,0.24647776523949674,0.4420658553584318
761,0.2432219017382922,0.441232431331356
762,0.24298599712591568,0.44117044554959456
763,0.2424366357628124,0.4410252434558244
764,0.24127053913444158,0.440713040995404
765,0.23879883260386173,0.4400330058721309
766,0.2374308880964779,0.4396457272552472
767,0.2352459938254564,0.4390105839598936
768,0.23382575349562687,0.4385865428970177
769,0.23308453752825664,0.4383616711006372
770,0.23108413682453657,0.437742345113664
771,0.23106020181121606,0.43773482354324444
772,0.2275142912156248,0.43659072018873935
773,0.22518437340079273,0.4358058688285894
774,0.21869311447612647,0.4334729478252985
775,0.21809587732479085,0.43324702596075276
776,0.2162790042364121,0.4325475873183085
777,0.21478692817590211,0.43195926304099963
778,0.2126091959333044,0.43107749225718156
779,0.21005815521048968,0.43000873150545454
780,0.20961591275844604,0.4298194299473398
781,0.20882023328242394,0.42947579523174045
782,0.20848108123789716,0.4293281256043157
783,0.20579586802046382,0.4281332485951318
784,0.20480514347272621,0.42768065375684167
785,0.2025912965115221,0.42664582568971765
786,0.19840325042314516,0.424596518849787
787,0.197860503743193,0.42432188778135027
788,0.1955171756609473,0.42311155695523733
789,0.18978476711354697,0.4199757857067207
790,0.18969278929146563,0.41992337247176525
791,0.18565724405150935,0.41755557085944295
792,0.18455042718791081,0.41688232684772414
793,0.18445532421803582,0.41682398874599574
794,0.18177091110213003,0.4151447932864429
795,0.181100589743512,0.4147155322955921
796,0.17993361653898768,0.41395854718677005
797,0.17836717901360483,0.41292282284660303
798,0.17732039719054835,0.4122179515873293
799,0.17725338973429358,0.4121724790600926
800,0.17650407639000057,0.4116610745396422
801,0.1724915617850252,0.4088298180215181
802,0.1716781564901543,0.4082363555797097
803,0.17150518939779613,0.4081092914869202
804,0.17074486675166906,0.4075471146079783
805,0.17064393795263844,0.4074720415675358
806,0.16844752405755287,0.4058120039073301
807,0.1644682883411361,0.40267290894997076
808,0.16260460821055564,0.4011423345964015
809,0.16221146377945098,0.40081440656041195
810,0.16179754742293834,0.4004672281923124
811,0.16143918840464339,0.4001650473064284
812,0.15831053183716984,0.3974626368081031
813,0.15690320121462037,0.3962086712192763
814,0.15664566833118504,0.39597657328315355
815,0.1564134274296623,0.3957665660753144
816,0.15618101200394519,0.3955557312547665
817,0.15495873997943987,0.3944358448582092
818,0.1548898339140706,0.39437215146901994
819,0.15440877922270926,0.39392581232161994
820,0.1541904309036338,0.39372225076569334
821,0.15416198930327837,0.3936956905173
822,0.15298879204635027,0.39259105777304193
823,0.1528245518968544,0.39243499954093225
824,0.1508038580493714,0.39048609126603406
825,0.15019014077078413,0.38988347646834826
826,0.14739204251830584,0.3870713693967159
827,0.14331440131579692,0.3827775141952426
828,0.1426943926737577,0.38210365430170223
829,0.14216421915256394,0.38152294617310184
830,0.1406178545563342,0.379805303555482
831,0.1398508986429836,0.3789400495010618
832,0.13789760928822858,0.3766957436247701
833,0.1360162889356437,0.37447788361709444
834,0.13490821409796971,0.3731452528444016
835,0.13466513788554527,0.37285027127229353
836,0.13453045241161052,0.3726864135460084
837,0.13276812081472567,0.37051505914237
838,0.13152346721011224,0.36895058059200303
839,0.1315099181492391,0.36893340733616126
840,0.13115547351276383,0.3684830552285873
841,0.12978778424180026,0.3667253248971913
842,0.12919234401764204,0.36595007871409935
843,0.12526287339875558,0.36067849992188644
844,0.12507955177097424,0.36042585211859096
845,0.12056541477414023,0.3540096709211754
846,0.120039512199892,0.35323734008552676
847,0.11845980261512631,0.3508854868398049
848,0.11800930270655592,0.3502059304821103
849,0.11799618514650195,0.3501860839832972
850,0.1171822236238734,0.3489479867477895
851,0.11610212915012136,0.34728490163159564
852,0.1147615141738269,0.34518830478606516
853,0.11250602307865135,0.3415787069498427
854,0.1083157965982616,0.3345917921090603
855,0.10771345380986413,0.33355668765172425
856,0.10741633671555083,0.33304321018456545
857,0.1060977256367987,0.33074116756893607
858,0.10396889054181456,0.3269437057306462
859,0.10366683894569872,0.3263967100958176
860,0.1025270754946716,0.32431414659082447
861,0.09960673818500602,0.3188427388105427
862,0.09773124982327573,0.3152244364940759
863,0.09689124871986057,0.3135769436591457
864,0.09678934586778531,0.31337594058423857
865,0.09516106256061568,0.31013043162598036
866,0.09505565799669168,0.3099181401787364
867,0.09308142899397458,0.30589205812150266
868,0.09213011922822141,0.30391797725178765
869,0.09028574770269296,0.30002684829912707
870,0.09026938897585902,0.29999195638509646
871,0.08953072776637974,0.29840945512639633
872,0.08899557153455631,0.29725436779765513
873,0.08819021908180497,0.2955024446503026
874,0.08760863163547267,0.2942270529117951
875,0.08738755452275052,0.29373998235180243
876,0.08723498416888685,0.29340311642219186
877,0.08174789979369357,0.2808883038281483
878,0.08019695051037012,0.2772079790006173
879,0.07897563575106169,0.2742648567162846
880,0.07776595741017,0.27131043302307234
881,0.07774790355370904,0.2712660420181199
882,0.07767968539706027,0.2710982273290069
883,0.0750026985484773,0.264413631293477
884,0.0749351311723416,0.26424239628460866
885,0.07480776097683606,0.2639192658024859
886,0.07365517009221074,0.26097509140474384
887,0.07259310325260862,0.25822997955057847
888,0.07245932884319171,0.25788202029038204
889,0.07239474115052402,0.25771384593074265
890,0.07228814535321212,0.2574360395573917
891,0.07144213198025494,0.255220103077976
892,0.069435373003661,0.24988488394273853
893,0.06848148470571909,0.24730975354012405
894,0.06724636547981808,0.24393784580022515
895,0.06690095236033815,0.2429872601239938
896,0.06532428731903525,0.23860597067389677
897,0.06523990868985476,0.23836953943378136
898,0.06454500740154659,0.23641483604957084
899,0.06400906658346285,0.23489804811226137
900,0.06147564718764135,0.2276191839024863
901,0.06107901487855919,0.2264633085899978
902,0.06018943682630148,0.22385482422483408
903,0.05853876351453891,0.2189557562423048
904,0.058197143830652096,0.2179323051487651
905,0.057522226745787955,0.21590071064988298
906,0.056859845130755315,0.21389442682690607
907,0.054576436088805566,0.20688398494019444
908,0.05391501040603036,0.20482604879270588
909,0.05213100804236109,0.1992144830185515
910,0.05140559999847405,0.19690736595738256
911,0.050044778497674136,0.1925399345377763
912,0.049947548189344375,0.19222591811857354
913,0.04653161108940794,0.18102827056304222
914,0.046307438261040654,0.18028221446995712
915,0.042040267346372014,0.16582059491481285
916,0.04182236625069801,0.16506894458308638
917,0.0387907054689678,0.15448021688916264
918,0.03811496893547803,0.15208701314164688
919,0.03733984575023553,0.14932712833191616
920,0.03620122022292853,0.14524467233068233
921,0.03570342336774768,0.14344934398737313
922,0.035006830619151184,0.14092637200773034
923,0.03421540681397478,0.1380448999916447
924,0.03361030226766419,0.1358310653532863
925,0.03316051214780304,0.1341794715741063
926,0.03247231871052136,0.13164263815891963
927,0.03193439759888504,0.12965149402100037
928,0.031119598290012783,0.12662177120513113
929,0.031053910166210466,0.12637680291967035
930,0.030716853583206097,0.12511815679094693
931,0.030497972090313963,0.12429930620324506
932,0.02992390765992689,0.12214611149801319
933,0.029802130140074976,0.12168831391489457
934,0.029788935344413042,0.12163868907139769
935,0.029589119478448327,0.1208866749784513
936,0.0289192358595435,0.11835846815875593
937,0.0288781669032494,0.1182031163189519
938,0.028752852439057935,0.1177288366295063
939,0.028697518056761406,0.11751929108818979
940,0.028614258374466548,0.11720385624634767
941,0.02682493023445972,0.11038474805914422
942,0.025195589319293037,0.10410948978946091
943,0.023976140077914838,0.0993725270917977
944,0.02360800819220819,0.09793580949689602
945,0.02310852348461847,0.0959815274733302
946,0.023025910099369818,0.09565774965806578
947,0.022953318298789663,0.09537312103135857
948,0.02213467665655744,0.09215505772724882
949,0.02161049368636977,0.0900866296307573
950,0.021214023207003246,0.08851810187224775
951,0.020774208765226173,0.08677403496821759
952,0.019891283153289044,0.08326003301628074
953,0.019469452852916992,0.08157518581612716
954,0.018413047878384204,0.07733897033276715
955,0.017812320110020714,0.0749194340119162
956,0.01771254549837025,0.07451683627451205
957,0.015824540619530814,0.0668594689224629
958,0.01576448847774696,0.06661470205741357
959,0.01570659582291294,0.06637866728758388
960,0.015646137759320593,0.06613210001579906
961,0.015483109979054157,0.06546684929871245
962,0.014810008082714493,0.06271448050819403
963,0.014048935915746822,0.059591408838269376
964,0.012956945593575644,0.0550903111758177
965,0.012813792184123535,0.05449850646630036
966,0.012154715058613786,0.051768698633027285
967,0.011521568845777808,0.0491383949175024
968,0.009965717540498714,0.042642488577831324
969,0.009886038780740406,0.04230859464436072
970,0.009364324486901375,0.04011943910860381
971,0.008692283105368258,0.03729210633768034
972,0.008446534511682521,0.03625615972185251
973,0.007714981332835904,0.03316583675543962
974,0.007350862859870163,0.03162408886930935
975,0.007097700990785404,0.030550755775016876
976,0.007082487670496677,0.030486219316804914
977,0.006077546630514893,0.026214077509540853
978,0.005728369775310662,0.024725517745909843
979,0.005681945025885023,0.02452744588826642
980,0.0048558560178271854,0.020996650269376107
981,0.004601714227860227,0.019908039339978586
982,0.002928896510297623,0.012714770832089266
983,0.002816080905887278,0.012227917523733787
984,0.001836181990241872,0.007989867442087014
985,0.0016956601805705486,0.00738072578588558
986,0.001628856876945124,0.007091019040870004
987,0.001594239858840994,0.006940863351629468
988,0.0014191287516812387,0.00618096381562763
989,0.001330658262000623,0.005796830510450458
990,0.0007940019509103215,0.0034635435934794404
991,0.0006172907447234018,0.0026939941164412368
992,0.000549155681874674,0.002397101986003328
993,0.0005182678024263347,0.0022624778789008667
994,0.00040021729530221976,0.0017477610065491649
995,0.00035937187763655445,0.0015695941565677315
996,0.0003136149106551177,0.0013699553089300532
997,0.00028114131860700736,0.0012282404504453124
998,0.00027369607083586113,0.0011957455560447144
999,0.000165318217529422,0.0007225583682509427
1000,8.430090857569471e-06,3.6881420101418186e-05
