Index,uv,dv,ubar,dbar
1,14.20326812233561,9.583097954065446,41.039590319473376,41.194328183387036
2,12.653419942677532,8.597393065240768,36.31909892737656,36.47383684256013
3,12.388124824468346,8.428665134998242,35.5110692902773,35.66580723364481
4,11.844586251402978,8.082974154238318,33.855572378782355,34.010310431383004
5,11.8270725352328,8.071835417425236,33.80222952032809,33.95696757817344
6,11.68562188840326,7.981872701974755,33.371402529292126,33.526140635038125
7,11.252473560280714,7.706390101081336,32.05212989661677,32.206868233245544
8,11.073457477265901,7.59253579827844,31.506887177149554,31.661625663601754
9,10.612050595992976,7.299080995157937,30.10154611317649,30.2562852395133
10,10.588194013535393,7.283908216277452,30.02888438298303,30.18362355622477
11,10.460471015331386,7.202676450056934,29.63986920964663,29.794608665157458
12,10.401596174467196,7.165232091946741,29.46054988769719,29.615289492999793
13,10.201013567221112,7.0376617658584255,28.849621292149667,29.004361521456662
14,10.07936326414769,6.9602923690515635,28.479102589652566,28.633843301454352
15,9.893387099896968,6.842011955222772,27.912662573510584,28.067404219395243
16,9.892467454494167,6.841427063301671,27.90986154949374,28.06460320068597
17,9.584095472962952,6.645303658874448,26.970633860943874,27.125377785127917
18,9.259021585889665,6.438558869207166,25.980539096937086,26.135286906021737
19,9.154594924184062,6.372144521901995,25.662482206424652,25.81723173039637
20,9.14335862984669,6.36499835817863,25.62825936234589,25.783009087611717
21,9.093481726912167,6.333277205910112,25.4763473113334,25.63109797288554
22,9.051499777276446,6.306577192493198,25.348481344225608,25.503232850874934
23,8.988099644483754,6.266255542155088,25.155381441585963,25.310134331366605
24,8.889103395944362,6.203295415186318,24.853865826657266,25.008621161629872
25,8.834767331980967,6.168738601536852,24.688373300092728,24.84313014228151
26,8.828734743159652,6.1649019825815765,24.669999729212943,24.824756746556293
27,8.787361176607346,6.138589160440675,24.543987556118417,24.698745819062466
28,8.642060844004034,6.0461812776781985,24.10144521383127,24.256208528368525
29,8.536834712432093,5.979260218010786,23.78095869085842,23.935726427741713
30,8.483688158282197,5.945460587274815,23.619091151218235,23.773861405710857
31,8.444360995056915,5.920449766590798,23.499313360249566,23.654085613246878
32,8.423215992436159,5.907002252409507,23.434912636768093,23.5896860147666
33,8.388420717108943,5.884873673653169,23.328937832173423,23.483713142043328
34,8.382315467853244,5.880990955452903,23.31034330019591,23.46511895970806
35,8.368673794500747,5.872315351156418,23.268795383423367,23.423571836016844
36,8.267744300606163,5.808128241581937,22.961399401371846,23.11618226211718
37,8.253682160690607,5.799185336836853,22.918571195450983,23.07335502968346
38,8.25026273711026,5.797010735334551,22.908156870903547,23.062940945018095
39,8.232193285930263,5.78551938058437,22.853123915048716,23.007909277710347
40,8.218512881874723,5.776819276963212,22.811458442741053,22.966244804791398
41,8.170105391082059,5.746034465006652,22.664027395016312,22.818817465095318
42,8.031469646957293,5.657869930825092,22.24179821514014,22.39660054760998
43,7.958487722283569,5.611458254546728,22.019526598909476,22.174336503186545
44,7.955108538377604,5.609309330545395,22.009235096405657,22.164045372029925
45,7.912269944537893,5.582067098291463,21.878767985622385,22.03358313804072
46,7.715578721393646,5.456988727961886,21.279743949909964,21.43458605882563
47,7.65156369801657,5.416282006119898,21.084789642155375,21.23964241010096
48,7.626342661587974,5.4002443085116605,21.00798091493157,21.16283817530677
49,7.558391358432292,5.357035620238924,20.801042217091425,20.955912473202208
50,7.49274030039927,5.3152904718516885,20.601111338666684,20.75599549015101
51,7.419749791654526,5.268879539849403,20.378832621998516,20.53373393761572
52,7.3746345280436465,5.2401936914012675,20.241444631459657,20.396357546798157
53,7.37131533746859,5.238083255516103,20.231336875416158,20.386250675918163
54,7.269234075104329,5.1731785654886036,19.920478744958082,20.075422062508416
55,7.184914409708364,5.119569332814967,19.663715604875634,19.81868699389441
56,7.12340639492826,5.080464961679378,19.476421315647734,19.631415565736308
57,7.123327517983282,5.080414815724793,19.47618113504995,19.631175415843465
58,7.102868008129309,5.067407779621815,19.413882098124894,19.56888446843497
59,7.0968426992660385,5.063577249297567,19.39553517850489,19.550539979321368
60,7.020829853568285,5.015254118182505,19.16408183942275,19.319119284119925
61,6.99238039577056,4.997168782739558,19.077457385200802,19.232508045908073
62,6.916442585109924,4.948896960718266,18.846243604922275,19.001332456797723
63,6.899323989378704,4.938015487579122,18.79412251656702,18.949220600269584
64,6.883261099080885,4.927805218066278,18.745216177455937,18.900323143506036
65,6.879446316574992,4.9253803975067285,18.733601453910055,18.888710561293497
66,6.839767252592358,4.900159361340705,18.61279359764478,18.767925724982494
67,6.75672447082402,4.847378268182556,18.35996884023592,18.51515384764252
68,6.676661116404791,4.796495178965695,18.11622823985069,18.271470900549296
69,6.591713681704478,4.742513321105856,17.857634906355894,18.012946838849196
70,6.540488405038251,4.7099639069902315,17.701706037030043,17.857064229182896
71,6.514154783685626,4.693231994923749,17.621549771540536,17.77693316790128
72,6.496492513969695,4.682010071417004,17.567789149316972,17.723190017989683
73,6.487369957181956,4.676214069836811,17.540022168964217,17.695432245289098
74,6.479590540469947,4.671271494925276,17.516343599764472,17.67176162835865
75,6.4321978884230315,4.641162376176456,17.372096494041386,17.527565027301282
76,6.364012432540495,4.597847604350782,17.16457628913206,17.320124083562963
77,6.336145854442784,4.580146930506598,17.079770052587936,17.235352644987813
78,6.334401768326078,4.579039129502605,17.0744623796519,17.230047198622415
79,6.323157652955599,4.571897232125238,17.040244115324096,17.195843429402927
80,6.314133118165654,4.566165255209024,17.012780866270376,17.168391991919687
81,6.286288724205984,4.548480413846549,16.92804750289288,17.083696093804896
82,6.259174344010144,4.531260215761474,16.84553869124071,17.001225295681376
83,6.2044216015646665,4.496490180390283,16.678936262131554,16.83470448722623
84,6.2015875569729415,4.4946905753855075,16.670313157499162,16.826085791721173
85,6.192515722489111,4.488930084514005,16.642710674669253,16.798497548638935
86,6.149178774184087,4.461413473861533,16.510856614568635,16.666714236325554
87,6.1413746764023776,4.456458613534287,16.487113376620837,16.64298423141082
88,6.132093239691804,4.450565913635021,16.458875874396885,16.61476266890573
89,6.1274870578370395,4.447641543686092,16.444862359472882,16.600757146729197
90,6.096828771667275,4.428178146478669,16.35159263046416,16.50754203645047
91,6.08022734505365,4.417639421754294,16.30108928320458,16.457069321856576
92,6.061357633877212,4.40566137210569,16.243687420491476,16.399703208057126
93,6.058190012627031,4.403650704377532,16.234051679786184,16.39007356736597
94,6.056858947797434,4.40280580805556,16.230002666212407,16.386027125658135
95,6.040819860806115,4.392625222788103,16.181213598434116,16.33726945165781
96,6.028235259698565,4.384637665537899,16.142933734916667,16.299014749383954
97,6.020415495774554,4.379674546446718,16.11914803710178,16.2752449246517
98,6.000836624951319,4.367248577980627,16.059595807790963,16.215733255361638
99,5.979579918307924,4.3537586250534135,15.994942873055695,16.15112571086509
100,5.955726570505672,4.338621907361686,15.922395623585631,16.078631128519714
101,5.905368451582388,4.306670014345571,15.769249672471643,15.925602666058484
102,5.890603284010798,4.297302705306059,15.724350142252765,15.880739275683398
103,5.864275874059426,4.280601368634576,15.644294848584721,15.800750410660394
104,5.853096391225333,4.273509942646108,15.610302316966273,15.76678687708365
105,5.845352504814615,4.268597983649061,15.58675668261042,15.743261611514638
106,5.8228247910631,4.254309484828638,15.51826282777561,15.674828351058718
107,5.782097021186126,4.228480739394916,15.394443481054301,15.551123788422899
108,5.740887835194813,4.20235134283916,15.269174931018307,15.425978591929022
109,5.738706618146659,4.200968440182907,15.262544841172003,15.419355241597032
110,5.736291375220507,4.199437180199748,15.255203449859259,15.412021338105257
111,5.725512365521675,4.192603515934017,15.222440136672999,15.379291767766132
112,5.718078949080118,4.187891088810739,15.199846537463243,15.35672175105648
113,5.707866145809401,4.181416936818533,15.168805934899336,15.325713970581557
114,5.689917655185713,4.1700397150171105,15.11425603105117,15.271222953541798
115,5.669512190221683,4.157106291671286,15.052242579678014,15.209278356902724
116,5.654619054969247,4.147667548642998,15.006984055582246,15.164071400529917
117,5.642979297485848,4.140291190145803,14.971613746641898,15.128742183214595
118,5.638548712181161,4.137483554263593,14.95815067545345,15.115294937749626
119,5.633236956688479,4.134117613345051,14.942010292347799,15.099173663293701
120,5.6043341608121215,4.115804256003253,14.85419106883376,15.011461051290151
121,5.5688713827271625,4.093338422506149,14.746452329871603,14.903859407358556
122,5.56881379818107,4.093301946172033,14.746277395037266,14.903684700943879
123,5.508731255970241,4.055250191981281,14.563775375811387,14.721431731547543
124,5.503222860935485,4.051762301879114,14.547045715782989,14.70472600971074
125,5.460510525948499,4.024721317047826,14.417336445042402,14.575208979721301
126,5.458863271484724,4.02367860262915,14.412334526052726,14.57021471516504
127,5.426349046150709,4.003099490227034,14.313612045709258,14.471647107289847
128,5.426165536801566,4.002983355691757,14.313054900445417,14.471090856898357
129,5.4252998024212244,4.002435474709339,14.310426485929638,14.468466667278241
130,5.391632116993463,3.981131516522237,14.208217957132847,14.366426594658838
131,5.382689681836025,3.9754738907645586,14.181073246609254,14.33932801611075
132,5.3594420397836045,3.9607675742275097,14.110510788294452,14.26888829694345
133,5.355714277270996,3.9584096614529907,14.099196857130751,14.257594430798477
134,5.344104251927466,3.951066444829959,14.063961279761815,14.222422037029494
135,5.337822671754572,3.9470936963794787,14.044898026417519,14.203393409820027
136,5.333564304887876,3.944400631720562,14.03197514921146,14.1904941839312
137,5.330438892163193,3.9424241260020074,14.02249063520538,14.181027120706993
138,5.302053736809724,3.924475733410008,13.936359062037958,14.095057659690417
139,5.299127545135669,3.92262569766662,13.927480616684008,14.086196303242339
140,5.251772821452481,3.892692994731217,13.783820583868392,13.942822970218819
141,5.2435895265432295,3.887521650760676,13.758998908410192,13.918052827489182
142,5.223046490681224,3.8745414209014473,13.696692865601973,13.855878821450508
143,5.221720283419072,3.8737035351135796,13.692670809476862,13.85186542232499
144,5.209638900000676,3.866071110980101,13.656032497945404,13.815306727944627
145,5.207400618570677,3.8646571714257236,13.649244930192607,13.808534060906183
146,5.156825228055099,3.8327165948471626,13.495901404772017,13.655540116848421
147,5.107546852029079,3.801611102695005,13.34654030464245,13.506544475279577
148,5.085041625970902,3.787410881482769,13.278345016150757,13.438524692945363
149,5.083564115666339,3.7864787353916056,13.273868259280741,13.434059653151456
150,5.06480699017072,3.774646421756045,13.217039705734154,13.377381974028129
151,5.049806420921268,3.765185655692348,13.171598201892438,13.332064007237634
152,5.012434048680433,3.7416224954087665,13.058408478635693,13.219193537228994
153,4.978514278806307,3.7202456262811645,12.955705287195293,13.116794814245283
154,4.97375362044805,3.71724611283261,12.941293169597541,13.102426585746008
155,4.969070194918605,3.714295442370189,12.927115432438239,13.08829230865539
156,4.961654109732089,3.709623501483525,12.904666512381871,13.065912784718432
157,4.955410634703627,3.705690629576219,12.885768268342568,13.047073517897473
158,4.9189318015443195,3.68271861302265,12.775372108582744,12.937032281801066
159,4.894717897836011,3.667476681761091,12.702113634573198,12.864019423811854
160,4.879326673539137,3.657791113517139,12.655556595790799,12.817622799196274
161,4.857387586473422,3.643988817912304,12.589204830783084,12.75150560823387
162,4.848791474782698,3.638582077926784,12.56321097487953,12.725605594477727
163,4.841765898948601,3.634163690935921,12.541967935382111,12.704440072248406
164,4.8412105737738615,3.633814467021493,12.540288878088191,12.702767173857477
165,4.81983440710033,3.6203740533001145,12.475664044978735,12.638382985434998
166,4.818107608373186,3.619288512812774,12.470444175137331,12.633182861943729
167,4.808467365083097,3.6132287844184696,12.441304803479284,12.604154582509434
168,4.800614770961915,3.6082934383926597,12.417571107966026,12.580512457338841
169,4.785742440457925,3.598947916068838,12.372626395447313,12.53574386234402
170,4.7673650683463435,3.587403044927085,12.317099340807673,12.48043937471257
171,4.763133900109315,3.5847454797843326,12.30431649917638,12.46770856203142
172,4.762877353008716,3.584584350566662,12.303541460488843,12.466936687540747
173,4.723780688032235,3.560037248421793,12.18545525718724,12.349345670385437
174,4.679988347835548,3.5325621458977943,12.053250673839122,12.217727393814707
175,4.665978511128676,3.523777123083053,12.010971326295847,12.175642949083832
176,4.656364156775937,3.517749683280851,11.981961107923029,12.14676859611181
177,4.645674811882304,3.5110496137594267,11.949711391418926,12.114671981348392
178,4.638387816510457,3.5064829286933485,11.927729092325588,12.092795300306808
179,4.634378920752492,3.5039708722659113,11.915636551507673,12.080761299582942
180,4.614215625378824,3.4913391577302035,11.854825102682929,12.020249024972731
181,4.613658324171229,3.4909900970649517,11.853144542315832,12.018576846942983
182,4.558236888471892,3.456297341445268,11.686083332983339,11.8523805804792
183,4.546739650799126,3.4491053688919022,11.651442593941445,11.817927251294403
184,4.533637124812378,3.4409114161150685,11.611972223339398,11.77867390071104
185,4.522556283227871,3.4339836131347816,11.57859795971667,11.745486072550223
186,4.516025137577065,3.4299011058572515,11.558929452836628,11.725928711923842
187,4.47092060769651,3.4017236231522032,11.423150903479078,11.5909438476242
188,4.458713068764751,3.3941024863300333,11.386418907298077,11.554434688864449
189,4.444547356303637,3.385261658155726,11.343803876905005,11.512082639129748
190,4.390960742654942,3.351846125989128,11.182688524641076,11.352006095530024
191,4.3833347510642895,3.3470943932283435,11.159771919065937,11.329243134723143
192,4.3526559910245,3.327988112284586,11.06761138446575,11.237715807547373
193,4.349959155845339,3.3263093056679267,11.059512378655926,11.229673637937474
194,4.345295370349984,3.32340633988262,11.045507258971494,11.215767261791733
195,4.336573810844167,3.3179786000670544,11.019320046934629,11.189766257159604
196,4.313740648097584,3.303774829594175,10.950781605072823,11.121725001423535
197,4.302086159896024,3.2965284173125533,10.915809613067687,11.087012270333645
198,4.284847883459589,3.2858145419873717,10.864096505792892,11.035689558717753
199,4.274003167196664,3.27907707707982,10.831572331268816,11.003415273179344
200,4.272984947992644,3.2784445993914892,10.828518966447513,11.000385542388091
201,4.2710005893502405,3.2772120476011257,10.822568586594347,10.994481306874942
202,4.257800516718241,3.2690148546190727,10.782992278816746,10.955214832653626
203,4.242230788425067,3.2593502119062467,10.736324797002831,10.908919304421635
204,4.232667095157369,3.253415938146538,10.707666676244058,10.880493187737867
205,4.229328147622046,3.2513445229110327,10.697662669814875,10.870570819244382
206,4.194434131380429,3.2297096337382123,10.593156623520999,10.766938035853881
207,4.175916027863397,3.2182376359316636,10.537727365533472,10.7119873902123
208,4.175535197153736,3.2180017812349537,10.53658767974175,10.71085765957635
209,4.156778205307811,3.206388830461659,10.48046677623686,10.655232746022048
210,4.130851815097306,3.190348765459911,10.402933879682871,10.578403980490805
211,4.110749601313583,3.1779214706299723,10.342849896730241,10.51888107766773
212,4.098550874597755,3.1703842618984375,10.306402601988825,10.482780824381976
213,4.0984030735263035,3.1702929594821265,10.30596106714186,10.482343525001712
214,4.092487267125933,3.166638917487918,10.288289704930154,10.464842295658357
215,4.087484629997484,3.1635494965143796,10.273348058444522,10.450045446568057
216,4.083707910151867,3.1612175045734907,10.262069113665458,10.438876380833623
217,4.075939602226955,3.156421807560743,10.23887276505154,10.41590757714013
218,4.060998703461854,3.147201835207602,10.194271226684025,10.37174953464708
219,4.047162651582251,3.1386680000770903,10.152982522411433,10.330878477268845
220,4.044683319697412,3.137139236292641,10.14558535437519,10.323556861182572
221,4.0391196506277085,3.1337091556243375,10.128987640019417,10.307129479940206
222,4.035639855046238,3.131564161689648,10.118607785527475,10.296856719867794
223,4.025492252909364,3.125310582767507,10.088343811490653,10.266907522043907
224,4.025357272815032,3.1252274152434896,10.08794130267756,10.266509225201512
225,4.019978507830565,3.1219136411178967,10.071903030101085,10.250639328588388
226,4.017316156110966,3.1202736486044707,10.063965312637118,10.242785339989204
227,4.01564685851775,3.1192454531284266,10.05898863217274,10.23786128871635
228,4.005737125324517,3.113142904461533,10.029449147638823,10.208636324674636
229,3.995181080613257,3.106644813885882,9.997991490310971,10.177517658904907
230,3.986513192042407,3.1013109510740557,9.972167183795689,10.151974787065393
231,3.963197953932316,3.0869723841120322,9.90273353676646,10.083312098062967
232,3.931728826546495,3.067639668292039,9.809087160613709,9.990739118120386
233,3.9259032340971847,3.0640633882694703,9.791760232004476,9.973615102956416
234,3.922320859693485,3.0618646090490684,9.781106665564392,9.963086975257639
235,3.914125680346177,3.0568357723110386,9.756739209154714,9.939008375672243
236,3.8950580314869465,3.045141607990081,9.700065731414298,9.88301728772684
237,3.8835102207797183,3.038063734021927,9.665758139177768,9.8491300511118
238,3.881104600303484,3.0365897027592426,9.658612695169342,9.842072853429295
239,3.8789506816752386,3.035270023696138,9.65221531225923,9.835754682941078
240,3.8769897714958663,3.034068699896078,9.646391538702368,9.830003187821966
241,3.8522961950422503,3.0189488586653725,9.573082240679486,9.7576175723916
242,3.8419754571138283,3.0126340981543813,9.542458542095828,9.727387405034062
243,3.816508648790945,2.997063986526356,9.466934737582925,9.652853802823122
244,3.8115113641969574,2.994010693569103,9.45212188606964,9.638238487937608
245,3.792872546852694,2.982628374406317,9.39689358023312,9.583756420001304
246,3.790781955239601,2.9813522714418763,9.390701022355088,9.57764849995547
247,3.7875007895497506,2.9793496741267633,9.380982687891665,9.568063387322809
248,3.7513458955125794,2.957302433294387,9.273965294474923,9.46254529060871
249,3.7505642919357567,2.9568262041176276,9.271653166946564,9.460266215846476
250,3.7487209756630104,2.9557031422558695,9.26620053390792,9.454891642081588
251,3.746931650804271,2.9546130644424227,9.260907928541503,9.449674955343394
252,3.7447674235593422,2.9532947091708444,9.25450682684185,9.443365870982442
253,3.7405405053930494,2.950720221845266,9.242006262891143,9.431045632364803
254,3.6966512435267997,2.9240179556190355,9.112314652840121,9.303274458008735
255,3.6922906103784006,2.921367897456972,9.09943973272524,9.2905951907934
256,3.6763806906475716,2.911703655880531,9.052481736943722,9.244358580134268
257,3.676323736632607,2.9116690730038663,9.052313684688198,9.244193131633223
258,3.664839601385542,2.9046977278739408,9.018434749461187,9.21084234550146
259,3.641500839031669,2.890541874060729,8.949626665943585,9.143126947682218
260,3.638060932880696,2.888456779215585,8.939489921670168,9.133153465965654
261,3.633046788561671,2.885418082083208,8.924716471737886,9.118619018620086
262,3.6325130551441562,2.8850946696493374,8.923144062662095,9.117072122017031
263,3.628494263745139,2.8826597766573054,8.911305459789155,9.105426061450093
264,3.6235636034466467,2.879673052202265,8.896783046164664,9.091140951155754
265,3.6222743980596266,2.8788922401826955,8.892986347249654,9.087406494645347
266,3.6214918837150836,2.878418331381218,8.890681937112186,9.085139903599941
267,3.621270477899867,2.878284246173889,8.8900299358222,9.084498608329003
268,3.61082169390788,2.8719580238340034,8.859266171003386,9.054242820257135
269,3.5997787371054204,2.865275581270748,8.826766014743308,9.02228536172304
270,3.595358674384976,2.8626018802514603,8.81376124487884,9.009499501817468
271,3.5829741910825534,2.855113608789624,8.777335005279006,8.9736917949333
272,3.576473930014564,2.8511850747714003,8.758222773308171,8.954907279051143
273,3.5729478847545932,2.849054587850855,8.747857392798414,8.944720554036259
274,3.5725144681900316,2.8487927373090383,8.746583391394342,8.943468555861923
275,3.5654008719332517,2.844495839454456,8.725676445630564,8.92292409831208
276,3.561830935101588,2.8423400327516393,8.715186519530771,8.912617048963853
277,3.555292265572471,2.8383924787130623,8.695977012190054,8.893744172136312
278,3.546591927564948,2.833141895379061,8.670424471571982,8.86864292324986
279,3.5412759916982948,2.829934911548555,8.654816067335116,8.853312162364928
280,3.533737022092102,2.825388309820418,8.632686097503557,8.8315784265723
281,3.503101622949898,2.806930787808137,8.542826985476756,8.743359690289385
282,3.482775885839579,2.7947008789411227,8.483269393131275,8.684917517347886
283,3.4804713689816236,2.7933150799805673,8.476519931945523,8.678295898163148
284,3.4698238548457088,2.7869144755404935,8.4453438838369,8.647714177960832
285,3.4544129229123497,2.7776567674615706,8.400244991114297,8.603486217376597
286,3.4541596902647527,2.7775047076945647,8.39950416902481,8.602759812809596
287,3.423922552022458,2.7593628069072786,8.311103851407188,8.516105928875119
288,3.417211460230446,2.7553402168746426,8.291499051821395,8.496895491469633
289,3.4053488486443877,2.748233392399232,8.256859318564954,8.462958878925852
290,3.384156009625721,2.735548240727793,8.195019412995673,8.40239444746938
291,3.36734899165438,2.725498671430208,8.146018494045963,8.354422810895537
292,3.361512789059137,2.722011143304327,8.129011663420192,8.337777097684338
293,3.3599194988261676,2.721059238317061,8.124369556568155,8.333233909086584
294,3.3514759170688144,2.7160160469805468,8.099774476483052,8.309165430736584
295,3.351321627603877,2.715923914639947,8.099325138607677,8.308725752887973
296,3.3286178229162733,2.7023751409091368,8.033239312062442,8.24407612149563
297,3.32822881246587,2.702143142740293,8.032107588865776,8.242969261881765
298,3.3237642062378696,2.6994808988233516,8.019120455614907,8.23026810272612
299,3.3233752053659082,2.699248968989195,8.01798901481822,8.22916163281082
300,3.3139562943282654,2.693634766470532,7.990599593681241,8.202379480082158
301,3.3086895677448895,2.6904967863033984,7.975289635588958,8.18741130570502
302,3.3057462376777393,2.688743516606639,7.966735254660561,8.179048627338162
303,3.29592594045564,2.6828958959711184,7.938202499269967,8.151159095781482
304,3.2868761861800184,2.6775099572523993,7.911920289935721,8.125474581860358
305,3.275541700530944,2.6707681339878016,7.8790187795110205,8.093328376410465
306,3.2600785399772807,2.6615775027103696,7.834161548028223,8.049513673447944
307,3.2555675552150896,2.6588978843606847,7.821081918380559,8.036740816381034
308,3.2513077528208574,2.656368102749203,7.808733232046996,8.024682919455314
309,3.2488549697939577,2.654911738608883,7.8016240564094,8.017741664435627
310,3.237109491239366,2.6479405581195676,7.767592673255389,7.984519313760403
311,3.234572998917041,2.6464357100337663,7.760246017063593,7.97734844346777
312,3.2311332871543343,2.6443953481054336,7.750284762202947,7.967626179421667
313,3.223986578784564,2.640157356358776,7.729593639490072,7.947433855446622
314,3.2196183448011104,2.6375678488519787,7.716950368236411,7.935096957578985
315,3.2090126781600365,2.6312834558235068,7.68626517186721,7.90516034304007
316,3.197669847696316,2.624566479247086,7.653465269030414,7.873168500189132
317,3.191147034759721,2.6207057909861424,7.634611874275007,7.854783285882011
318,3.185248158196852,2.6172156404759646,7.617567282573444,7.838164295856063
319,3.1817949593002,2.6151730576779055,7.607591772488998,7.828438906186406
320,3.158238884314827,2.601250364850435,7.539590891383515,7.762163473350835
321,3.1471982510223153,2.5947313671791283,7.507747778447496,7.7311406718974345
322,3.1374006016773497,2.588949778642805,7.479505082450773,7.703632163702894
323,3.1199235008894153,2.5786446860521006,7.429161924024235,7.654613252314213
324,3.1162026046136333,2.576452065993679,7.418449850867849,7.644185535794986
325,3.111959113836767,2.573952072824259,7.406235886979698,7.632296906630419
326,3.101583053316814,2.5678417529531696,7.376382389776016,7.603243586941268
327,3.094736201985429,2.563811750139677,7.356692121883475,7.584084976158941
328,3.09237631735039,2.562423111694873,7.349907227966271,7.577483999519735
329,3.090160650018478,2.5611195088826557,7.343537764957235,7.571287528358773
330,3.0785517126471147,2.554292052922078,7.310177695983467,7.538838825798868
331,3.0720966269981025,2.5504976744920507,7.291637193285589,7.520808707540459
332,3.047158784539298,2.5358522629613924,7.220072083013351,7.451239775305764
333,3.037977008326418,2.530465361413597,7.193747847923469,7.4256603074936045
334,3.024772021650338,2.522723095965326,7.155912907078398,7.388905752430749
335,3.0082679224276294,2.5130548525063814,7.1086652429992965,7.343023831866335
336,2.9942296462932925,2.504838386621116,7.068511877933109,7.304045695934792
337,2.993716728136093,2.504538307124909,7.067045405711172,7.302622399298207
338,2.9892467671130034,2.5019235620513416,7.054267290465997,7.290221254509888
339,2.9866113871922395,2.500382289082305,7.046735178953996,7.282911988871636
340,2.97809410910523,2.495402658850459,7.022400068892327,7.259300106254139
341,2.9755271519207818,2.4939023669709104,7.015068269907013,7.252187178258994
342,2.9518210038417894,2.4800574966926043,6.947410547168534,7.186570558659151
343,2.9510802587629352,2.4796251912854648,6.945297977070173,7.18452234343369
344,2.9502269535297563,2.479127217618167,6.942864506030834,7.182163049696822
345,2.9405335545017772,2.473472038947063,6.915229383949692,7.155373829856515
346,2.934621100523388,2.4700242293158032,6.898381303289055,7.139044649588287
347,2.9312983541310738,2.4680871045196944,6.888915456407934,7.129871400466087
348,2.9254298112712647,2.464666709601875,6.872201764711519,7.113676211214422
349,2.9166094822239037,2.459528070550227,6.847092491916607,7.089350384469402
350,2.9035387379543707,2.451917941600885,6.809908092287942,7.053336128247011
351,2.892880033824671,2.4457163603758216,6.779607603693519,7.02399795750465
352,2.8855123383387355,2.441431790658152,6.7586743895685535,7.003734196237246
353,2.881256814134396,2.438957871779743,6.746587870622764,6.9920359367104385
354,2.8730449318613034,2.4341856364201386,6.723273547345707,6.969474127351309
355,2.872346649382084,2.433779940256348,6.721291605975625,6.967556374638305
356,2.866986746865023,2.430666415020242,6.7060814233103025,6.952839937822041
357,2.8666880348721566,2.4304929232640506,6.705233896600936,6.952019982357854
358,2.8457364202102404,2.418331506270047,6.64582817070169,6.894562426993714
359,2.8403539758807432,2.415209558784496,6.630579601483261,6.879818903979136
360,2.8318547910976606,2.4102817364672626,6.606511873882107,6.8565524737207015
361,2.8194948742325687,2.4031196207969803,6.5715347766952865,6.822748969225369
362,2.8174032451240314,2.401908084543797,6.565618461197532,6.817032231360866
363,2.8091763241990093,2.3971441563965206,6.542355798646818,6.794557296216919
364,2.797936033456533,2.3906387789450076,6.510592487446637,6.763877297521712
365,2.7927190716897865,2.3876207983632636,6.495858061584006,6.7496484383954245
366,2.7744145379023637,2.377038531801056,6.444199837040889,6.699777956789047
367,2.7614973083760277,2.369577108562101,6.407782966657357,6.664635670576906
368,2.7575335894511737,2.367288573388656,6.396614528454685,6.653860501573546
369,2.7422749683069787,2.3584832262599216,6.353648447412865,6.612417787541126
370,2.718567147396305,2.344816212578128,6.286978284979361,6.548144269022623
371,2.706159731886096,2.3376704003929465,6.252129546073402,6.5145642146449925
372,2.6975891239206744,2.3327370127995923,6.228074596091117,6.491391401513037
373,2.688348181612518,2.3274202115753098,6.2021541855580296,6.4664274032441025
374,2.665466652161998,2.3142660445991408,6.138044293495437,6.404709232119584
375,2.6525982415311367,2.3068748946209294,6.102034574678399,6.3700593089195
376,2.637020135823501,2.2979337080132822,6.0584862492202545,6.328171243465976
377,2.616389756069822,2.2861031969478995,6.0008890547488605,6.272796520853938
378,2.613105676536549,2.2842210241734144,5.991728256884025,6.263992002505897
379,2.6027289535604337,2.2782758484097974,5.962797180467574,6.236191151659454
380,2.6024646801592333,2.278124475423321,5.9620606517441175,6.235483496347508
381,2.5977849443969263,2.2754442850144714,5.94902060257829,6.22295546651243
382,2.59760296786576,2.27534007486285,5.948513616343292,6.222468418634417
383,2.571846752286994,2.2605994855684637,5.876825174735158,6.153623017164449
384,2.564481150397842,2.2563872653411168,5.856349245992793,6.133967788111445
385,2.5523762560323893,2.2494677837921846,5.82272278246255,6.101697467771458
386,2.5421997275412895,2.243653485382442,5.794476769806963,6.074598634921686
387,2.5352627110621277,2.239691548380557,5.775234773540726,6.056142329199714
388,2.531873281562023,2.2377561777065944,5.76583679724511,6.047129328636629
389,2.5227056473975566,2.2325228532698054,5.740429529243865,6.022766899984918
390,2.51536429117744,2.2283335269844513,5.7200964215164305,6.003274237983026
391,2.514092033182435,2.2276076479658697,5.716573851631028,5.999897655685039
392,2.4949101570698824,2.2166681918250104,5.663505677139802,5.949042611566108
393,2.4944973022600805,2.2164328346968456,5.662364344998578,5.947949161273342
394,2.4763822491150336,2.206109783676321,5.61232153209317,5.900017537920244
395,2.4696331956430324,2.2022656558906437,5.593695368364269,5.882183040514176
396,2.4659633097362637,2.200175784164687,5.583571289109533,5.872490599763731
397,2.4657415591891274,2.2000495144588665,5.582959641593942,5.871905059866378
398,2.452419911386612,2.1924658299273547,5.546234585504371,5.8367538673105415
399,2.452398550075138,2.1924536725268102,5.546175727808837,5.836697541904389
400,2.4473213262596576,2.1895643381023637,5.532189075204769,5.823313550180076
401,2.4451889507009517,2.188351013280794,5.526316524675268,5.817694572034209
402,2.4318606469927397,2.180769332834472,5.489633076263375,5.782602234544652
403,2.418811566430099,2.1733499900444664,5.453756098519707,5.748293293838069
404,2.401038636277849,2.1632501808374944,5.404952275237115,5.701641355775328
405,2.397075857916147,2.1609990774729555,5.394080249404117,5.691251662818591
406,2.382230101269467,2.1525683458715377,5.353381746386352,5.652368281573408
407,2.371187507599442,2.146299950245269,5.323141589178386,5.623486556282145
408,2.3703303423464566,2.14581346424566,5.320795397150675,5.6212461053447305
409,2.332329800640354,2.1242583975945095,5.216950812713297,5.522131558720217
410,2.3268704239910116,2.12116353785605,5.202059197912716,5.507926210384016
411,2.324893574772527,2.120042993222409,5.1966686231792405,5.50278454607528
412,2.3225328987236593,2.1187049576647126,5.190232597891394,5.496646046351448
413,2.31670158236861,2.1154001019843083,5.174339950759957,5.481489676844022
414,2.2998701063658227,2.1058636472958554,5.128512025004142,5.437797519215259
415,2.299379044406222,2.1055854764882795,5.127175981652789,5.436524021957286
416,2.296871812805983,2.1041652595391747,5.120355383308821,5.430022973581361
417,2.2927385440874293,2.101824154009059,5.109114590318393,5.419309722849371
418,2.280032220043661,2.0946285625168057,5.074583853446967,5.38640656481924
419,2.2772159340683262,2.093033964022405,5.066935481689333,5.379120121703583
420,2.2757261468983923,2.0921904749428526,5.06289033064431,5.375266600355757
421,2.263485732359546,2.085261140525153,5.029674488183933,5.343629741698512
422,2.261171311235207,2.0839511253826872,5.023398045164807,5.33765275373579
423,2.2590711310986182,2.0827624248380903,5.017703707799753,5.332230398117491
424,2.2501311226658975,2.0777028961734807,4.9934759854145865,5.309163057433008
425,2.2411230992766913,2.0726056735944205,4.969083378231935,5.285943917226622
426,2.233608328452766,2.0683539901865045,4.948749301651006,5.266592026618633
427,2.217830553299676,2.059428857559056,4.90610110761517,5.226015500353074
428,2.2047657050415252,2.0520398088431535,4.870832089216403,5.192471558682395
429,2.2042892989900102,2.0517703916123424,4.869546805204951,5.1912493422106465
430,2.1943750012360637,2.046163983355118,4.842811945480045,5.165829538766681
431,2.1787586723601824,2.0373342836392627,4.800750275160067,5.125849155632235
432,2.17593606984723,2.0357384720967535,4.793154220310746,5.118630565391319
433,2.1738395039810747,2.034553161855932,4.7875133254180735,5.113270294064448
434,2.1687204198729395,2.031659123548529,4.77374483077365,5.1001878809938415
435,2.1661223254254507,2.030190348104161,4.76675939617198,5.093551138840422
436,2.162986089953076,2.0284173788885993,4.758329325238053,5.085542417559359
437,2.1553089566910444,2.0240774945936457,4.737703920447659,5.065950413791846
438,2.1548021682114085,2.0237910130912056,4.736342902381311,5.064657712139869
439,2.1526749816835333,2.0225885472624845,4.7306308902293415,5.059232583186791
440,2.1396679973673196,2.0152361173802156,4.695728814978882,5.026089333112021
441,2.13508285067531,2.0126443486780725,4.683435546405637,5.014417959029028
442,2.1303388818257982,2.009962828186233,4.670722079865728,5.0023489515167014
443,2.129434880766758,2.0094518449936665,4.668300077093534,5.000049873022159
444,2.128696357833105,2.0090343980284056,4.666321578371854,4.9981718250167795
445,2.120372766718057,2.00432953365881,4.644032346758201,4.977016454729931
446,2.1111774587192853,1.9991319152510325,4.6194294067758035,4.953669769607825
447,2.1057939641648717,1.9960888755603985,4.605035421681995,4.940013029245856
448,2.1020652077981863,1.99398115745878,4.5950701274453145,4.930559124398003
449,2.0945601477230804,1.9897387611257977,4.575023352989729,4.911543503260243
450,2.073396259859574,1.9777745164274563,4.518571226775302,4.858012287547629
451,2.062191506358223,1.9714395449493596,4.488731276891055,4.829726413896687
452,2.0605621994075074,1.970518307807434,4.484394933523455,4.825616485294557
453,2.0530252579850754,1.9662565899662876,4.464344733689307,4.806615061704389
454,2.0520530074496586,1.9657068107124873,4.4617593897911005,4.804165176120893
455,2.04845511685135,1.9636722536365296,4.452194293730211,4.795101686230758
456,2.0346265537284776,1.9558515115190562,4.415462632938071,4.7603027655063395
457,2.0068143094737563,1.9401171667341377,4.341742087832263,4.69049179066086
458,1.9926478913214898,1.932099517809529,4.304272084282682,4.655024217795417
459,1.9903482225294764,1.9307977584458111,4.298194633913716,4.649272507268202
460,1.9818340248074722,1.925977564902704,4.275706298623509,4.627991798879592
461,1.9744393118639125,1.921790327336353,4.2561909311279065,4.609527314276179
462,1.9722866196783941,1.9205712197402522,4.250512588213664,4.6041552472665215
463,1.9664911300020207,1.9172887795284093,4.235231661956795,4.589699654587323
464,1.9521166576703513,1.9091450476361538,4.197370645021507,4.553890486153417
465,1.9438072684711736,1.9044358084402604,4.1755106528763415,4.533219625006308
466,1.9303665553278733,1.8968157228510454,4.140192212943598,4.499829172920709
467,1.9286423670207813,1.8958379534805019,4.135665193484683,4.495549872879034
468,1.9256149596895005,1.8941209952625773,4.127718472206811,4.488038321624342
469,1.9209343503554976,1.8914660678406272,4.115437299242663,4.476430484596515
470,1.9183564850795924,1.890003656753233,4.108676031776552,4.470040330847329
471,1.9131876284947755,1.8870709526861091,4.0951247315187285,4.457233719510603
472,1.9116277153933827,1.8861857734878742,4.091036560972771,4.453370437442233
473,1.9039093349677447,1.881805131173377,4.070818642543557,4.4342662510188005
474,1.896574096504673,1.877640648459074,4.0516200668354045,4.416127622287488
475,1.8873991799189622,1.8724298549762737,4.0276281436321835,4.393463475694122
476,1.8869156812203736,1.8721551981444624,4.026364489587356,4.392269852765414
477,1.8857438128064472,1.8714894802228357,4.023302016957813,4.389377140969836
478,1.8816579856515991,1.8691681138763876,4.012627512958831,4.379294793849028
479,1.8793764555578416,1.867871669046675,4.0066689505021795,4.373667073081792
480,1.875894479328978,1.8658928199733729,3.9975781348444785,4.365081420244478
481,1.8724489709930654,1.8639343711702785,3.9885859781194415,4.3565894241862235
482,1.8702292897058352,1.8626725164637188,3.9827948286970414,4.3511206405030265
483,1.856978146963908,1.8551365230839272,3.9482523484447016,4.31850500442899
484,1.8519122983230947,1.8522541816995235,3.935060439789881,4.3060507570258295
485,1.8517756358269721,1.8521764133685865,3.9347046627131594,4.305714887700164
486,1.8463359009964102,1.8490804431470556,3.9205476988229346,4.292350657441268
487,1.8350364402351478,1.8426464760651617,3.891168513604365,4.264620093601284
488,1.8308301718403377,1.8402503415891953,3.8802416092861702,4.254307540180093
489,1.8091433402204955,1.827886578645528,3.8239875789494286,4.2012261383216885
490,1.7973070795938655,1.8211314501547826,3.793344452320139,4.172317893366815
491,1.7933009677245855,1.818843886711326,3.782982491913191,4.162543603912579
492,1.7932026818488556,1.8187877557721264,3.7827283325815713,4.16230386541104
493,1.789314523556157,1.8165669267129716,3.772676209536735,4.152822335445334
494,1.7686322472303757,1.8047432800855263,3.719283022438888,4.102467621712992
495,1.7621973691148005,1.8010608727195616,3.702697405074201,4.086828383860184
496,1.7471980461240288,1.7924701773878375,3.664086704515183,4.050425207859224
497,1.7465943165910105,1.792124180610029,3.6625340595831015,4.048961457950879
498,1.7394379290452986,1.7880215444069099,3.6441381812262916,4.031619521329469
499,1.7386331829433548,1.7875600434329781,3.642070532189357,4.029670412808496
500,1.7180101867652389,1.775722325543423,3.5891524102422507,3.979791392222206
501,1.7160618547773159,1.7746028500524686,3.584159924838736,3.9750861260343457
502,1.7126061981203342,1.7726168027464895,3.5753079484438013,3.9667436076600007
503,1.7094610188405637,1.7708086428773906,3.567254560715822,3.959153936221244
504,1.7094036770967886,1.770775672263096,3.5671077633189086,3.959015593372039
505,1.7093006040940542,1.7707164064393437,3.5668438944904564,3.9587669217933055
506,1.7063595364563033,1.7690250841418482,3.5593161207706783,3.9516727942645975
507,1.7004180792973929,1.7656068882245899,3.544117090648107,3.9373498526012836
508,1.6932111505266136,1.761458022686696,3.5256958622413284,3.919991360012035
509,1.6904767980341182,1.7598831505920987,3.518711065066277,3.91340977408943
510,1.6804942347654919,1.7541299498472556,3.4932312859897974,3.889401983419155
511,1.679572582389772,1.7535984840902823,3.490880444656212,3.887187037308338
512,1.6791126435280475,1.7533332440322462,3.4897073893221364,3.886081798057334
513,1.6785900692875453,1.7530318677980463,3.4883746674880087,3.884826127046313
514,1.6779099509535078,1.752639609212003,3.486640292173449,3.8831920306299086
515,1.6663543267934184,1.7459706273440119,3.4571949770083266,3.855450297550433
516,1.6531863845811268,1.7383610391786177,3.423693951032028,3.823889819713404
517,1.6510812814983211,1.737143499701772,3.4183435149111423,3.8188495146174852
518,1.6418098941564203,1.731777701887035,3.394796130549306,3.7966676335393563
519,1.6372445324466456,1.7291334022480567,3.383211424264986,3.785755057950533
520,1.6169972494253275,1.717388644618952,3.331916412716864,3.737438340596524
521,1.6166222579393463,1.7171708509263046,3.3309676817729357,3.736544723668354
522,1.5990700546649357,1.7069650111596757,3.286613069335471,3.694767600753092
523,1.598562390273669,1.706669482693635,3.2853317333173693,3.6935607435387174
524,1.5973255355290181,1.7059493856027395,3.282210296863784,3.690620746647489
525,1.592880513068422,1.70336052139533,3.270996700260384,3.6800589957687757
526,1.588857887463397,1.7010163466088697,3.260854449357848,3.670506348719396
527,1.5867102213065813,1.6997642797900854,3.2554417785251295,3.665408344526944
528,1.5831793854230383,1.6977050455105716,3.24654656384159,3.6570302632743505
529,1.5828096297297278,1.6974893412156864,3.245615285264124,3.656153125976847
530,1.5815428162003553,1.696750237487531,3.242425000278737,3.65314831316274
531,1.571686891518978,1.6909955047610077,3.217622963564133,3.6297881505622986
532,1.5623305529317801,1.6855250499965713,3.194108856750449,3.607640877430085
533,1.5491438803870157,1.677802416996018,3.1610196249023184,3.5764744811720406
534,1.5427012562434566,1.6740238267223315,3.144875087125964,3.5612677442522394
535,1.5410680582699303,1.6730653692610045,3.1407847585843167,3.5574149661935595
536,1.5368720225642107,1.670601781533301,3.130280091884136,3.547520271277143
537,1.5158975548707427,1.6582627408081652,3.077863601278816,3.49814482079955
538,1.5105544672376894,1.6551127635656109,3.0645357004929625,3.485589316038841
539,1.5085189328971864,1.653911995226847,3.059460889473387,3.4808085014431045
540,1.5083226268346073,1.6537961720720296,3.0589715547298453,3.480347511874288
541,1.4985590818210681,1.6480307124690279,3.034651161316683,3.4574351465666395
542,1.4980319246357021,1.6477191489223229,3.0333390136611715,3.4561989214997273
543,1.4912263383992723,1.643694324857727,3.0164081625771497,3.440247273935292
544,1.480767293028003,1.6374994823416793,2.990420762189898,3.4157611617777874
545,1.4747963220408904,1.6339577114735113,2.9756025318797685,3.4017979647058363
546,1.469940506628499,1.6310745756337668,2.963561342611989,3.390450982532833
547,1.467506340271577,1.6296283230340283,2.957528459343366,3.384765703885104
548,1.4628649321783835,1.6268688328213512,2.9460311023148056,3.373930405868201
549,1.4613170326917047,1.6259480163311384,2.942198511008772,3.3703183890497863
550,1.4588606669624355,1.6244862193532354,2.936118364165601,3.364588042221769
551,1.4545172931489678,1.621899787019339,2.9253728007401336,3.3544602974714386
552,1.4468365200410527,1.617320692151708,2.90638747408291,3.336565263025284
553,1.4418075245762898,1.6143188172267124,2.893968621755685,3.3248586756987524
554,1.439353987608942,1.612853189188105,2.887913139389796,3.3191502186901287
555,1.4360301378059361,1.6108665379061557,2.879713239857501,3.3114199364638974
556,1.434388078487375,1.6098845990122246,2.8756638163311994,3.3076022981154103
557,1.4323668585771445,1.6086754802592522,2.870680739034209,3.3029043273852
558,1.4271713460497533,1.6055651910295134,2.857878825381303,3.2908342524058
559,1.4156556962584086,1.598659519791715,2.829539984890722,3.2641120895310793
560,1.4147386902152246,1.5981089003334816,2.8272854734497637,3.26198598626581
561,1.4145353474757327,1.597986788099695,2.826785586796871,3.261514566930597
562,1.3975461139806478,1.5877656164715197,2.7850755678779597,3.2221741130944603
563,1.3973230701532424,1.587631177614575,2.784528706990308,3.2216582413582846
564,1.3954812275684343,1.5865207622027615,2.7800135875777228,3.217398900819965
565,1.3876413286245324,1.5817891597880627,2.7608092885604507,3.1992808639863304
566,1.3840150100575375,1.579597769260513,2.7519343955083277,3.190907035522378
567,1.3769880783332453,1.5753462550427249,2.734751436346493,3.17469246171747
568,1.3638285935162264,1.5673657913774364,2.7026240813479387,3.1443692304082487
569,1.3630947384185892,1.5669200258529798,2.700834446894401,3.14267983380627
570,1.36093993366475,1.5656106844587159,2.6955807952251947,3.13772027676146
571,1.3597334030804646,1.5648772572842389,2.692639934852121,3.134943935589893
572,1.3517414885823753,1.5600137569340287,2.6731744621773212,3.116565420536506
573,1.3497550778959027,1.5588034611376815,2.6683401715954966,3.112000529934801
574,1.3478553562438549,1.557645434589419,2.6637183119159937,3.107636023330525
575,1.3472005572319457,1.5572461592676399,2.662125572699076,3.1061319228563256
576,1.3448656081087083,1.5558218590811794,2.656447401848425,3.100769551314312
577,1.3415428692797204,1.5537935979722899,2.6483708312023317,3.0931416230476763
578,1.3273397041343462,1.5451046480717823,2.6138967939844107,3.060575064310636
579,1.3273324895807648,1.5451002265147575,2.6138793032538086,3.0605585381665783
580,1.3254769681197252,1.5439627675886731,2.6093815304519077,3.0563086998747186
581,1.313925246800651,1.5368690750617668,2.5814114009721547,3.0298753200183186
582,1.3120285917367895,1.5357023179211344,2.5768241914733334,3.0255392859900683
583,1.311987200848325,1.5356768491245254,2.5767241006097796,3.025444672904113
584,1.304667774496839,1.5311686052347921,2.559035309733984,3.0087220738988836
585,1.3018955102251846,1.5294587705018217,2.552341300095152,3.002392709157593
586,1.2986053523933747,1.5274278466079467,2.5444008400960714,2.994884068482497
587,1.2919720535388923,1.5233277229616498,2.528405537047425,2.979756186717349
588,1.2909141860103421,1.5226731472844448,2.5258563039811066,2.9773448912100515
589,1.2864521109356468,1.5199100293685002,2.515108738070935,2.9671779235249405
590,1.275910635275111,1.5133684547983228,2.4897507530500884,2.943183581576914
591,1.2758384222473866,1.5133235747966034,2.4895772005410186,2.9430193310574086
592,1.272939030371425,1.5115208482709956,2.482610768626864,2.9364259279981555
593,1.2670036640097007,1.5078257513118114,2.468360681025729,2.9229366958567775
594,1.265499940330849,1.5068885835356398,2.4647527657481314,2.9195209438474192
595,1.2632192926290675,1.5054664224089134,2.4592825712192563,2.914341729189371
596,1.2631140929075007,1.505400799161237,2.459030299576904,2.914102865945764
597,1.2507540537307547,1.4976763318565838,2.4294230785596413,2.8860624763637395
598,1.2497401760172977,1.4970414304462587,2.4269973046203615,2.8837644641766644
599,1.247190849432767,1.4954441498755433,2.420899789504716,2.8779876763049796
600,1.2433050599848818,1.493007115456502,2.4116110225091227,2.8691863284032704
601,1.2419016861927732,1.4921262525127474,2.408257916209396,2.866008822770136
602,1.2390784145305065,1.4903529981768888,2.4015147707160573,2.8596182429589883
603,1.2336727976054107,1.4869534665252342,2.3886134347189905,2.8473893009441027
604,1.201382658078194,1.4665237199941439,2.3118113332956525,2.7745277097988077
605,1.1878041889678217,1.4578672317759105,2.279651449709665,2.7439836705718976
606,1.1697154831273697,1.4462720330658392,2.2369369664430896,2.7033811021457095
607,1.1660014485095385,1.4438820553108118,2.2281848990522333,2.695056689235184
608,1.1608581675140321,1.4405670645971973,2.216075155398259,2.683535713611898
609,1.160619230753273,1.4404129125317644,2.2155128760562532,2.683000687568889
610,1.159816624234371,1.4398950058365407,2.21362432771001,2.6812036206046996
611,1.140801157818517,1.427579645473269,2.168966775119134,2.638683752944032
612,1.137436106430952,1.4253911026946653,2.1610813351863225,2.631170522155646
613,1.1244542155628914,1.4169214474902987,2.130709749055059,2.6022170742562616
614,1.1202217266283674,1.414150812478287,2.120824723964714,2.592788163922892
615,1.1110695216302013,1.4081437593834512,2.0994784904802724,2.572417434648029
616,1.0818488934702457,1.3888140789681738,2.031592672358561,2.507542980520358
617,1.0788018056161541,1.3867847503942996,2.0245373369294932,2.5007922286464535
618,1.0679138220654023,1.379511665243006,1.9993639504141967,2.4766919807150445
619,1.066295742776763,1.378427857483052,1.9956278583495781,2.4731133083831764
620,1.0649877908570566,1.3775512136567403,1.9926087824375023,2.4702210852954307
621,1.0619140750716014,1.3754890911083915,1.9855172092027378,2.4634262197159873
622,1.0540085179886773,1.3701723862068227,1.9672992586643698,2.4459622674628365
623,1.0531443739859183,1.3695900840061763,1.9653097654413747,2.44405438595859
624,1.0530736565765308,1.3695424211523433,1.965146971300988,2.4438982634312962
625,1.0442922376803048,1.3636119459869098,1.9449512276333383,2.424522546193899
626,1.0215612038849484,1.34814838919954,1.8928543682026981,2.3744681886175125
627,1.013008185679416,1.3422866016578863,1.8733201276899125,2.3556713221181704
628,1.0085572309659077,1.3392265146118412,1.8631695201800507,2.3458974597846924
629,1.0050418350136017,1.3368049111009133,1.8551597575248424,2.3381818200963487
630,1.0031661691008724,1.335511126900217,1.8508887178216153,2.334066460278082
631,1.0025602329469794,1.335092911419474,1.8495093449709972,2.3327371927795406
632,1.0025131800243767,1.3350604303603233,1.849402240171501,2.332633974989319
633,0.9993116724506702,1.3328486145643605,1.84211748346324,2.325612389526414
634,0.9956403171109788,1.3303078390934409,1.8337702286787319,2.3175637455482736
635,0.9922375504952701,1.3279487503047407,1.8260399584117832,2.3101071730867857
636,0.9917118111919779,1.3275839010644495,1.8248461479730818,2.308955384775043
637,0.9881726560274747,1.3251252853051603,1.8168134856416664,2.3012037453090435
638,0.9776692297176178,1.317802361838066,1.7930133929481382,2.278218318640168
639,0.9743942639042036,1.3155109180750642,1.7856045461770729,2.27105746461547
640,0.9713510743375581,1.3133781213034923,1.778725186638477,2.264405939409677
641,0.9672489059175386,1.3104977307110581,1.7694597987313605,2.255443652843116
642,0.9501664076616417,1.298434841165962,1.7309742699511441,2.218169554379771
643,0.9467427069918717,1.2960036836418776,1.7232800965490167,2.2107080914457677
644,0.9427790178700132,1.2931833420427628,1.7143804455269798,2.202073546734785
645,0.9418090090539605,1.2924921929657363,1.7122038093958687,2.1999610786865107
646,0.9400813630002376,1.2912602886449658,1.7083283730388934,2.1961992340385352
647,0.9378500020651136,1.2896674486313597,1.7033254544111207,2.1913417012077625
648,0.9373817558752704,1.2893329419113764,1.702275953346917,2.190322518639861
649,0.9164972568280432,1.2743225367202111,1.6555911811803155,2.1449212734682863
650,0.9096739336972817,1.2693789520875238,1.6403917836393425,2.130111284093024
651,0.9058071086549296,1.2665685432055995,1.6317899595516696,2.1217233916849394
652,0.890591101733466,1.2554460855631853,1.598025153305929,2.0887518013033253
653,0.8877962724375071,1.25339194599738,1.5918379186574416,2.0827016556588105
654,0.880769490049821,1.2482117362104943,1.5763020870087612,2.0674984064537063
655,0.8759804562808706,1.2446682072405642,1.5657304116551616,2.0571433474565546
656,0.8611363810883905,1.233616203619019,1.5330488564321707,2.025080093343482
657,0.8598420762151857,1.2326475474791923,1.530205478318296,2.0222867419084807
658,0.8573125992976118,1.2307521412914975,1.5246515343078466,2.01682873407621
659,0.8482907030477616,1.223966207146711,1.5048737236950271,1.9973731172991682
660,0.8476027389261437,1.2234470896841598,1.5033675937286812,1.9958902601448116
661,0.8400509744185176,1.2177330964680624,1.486853830491324,1.9796196860723911
662,0.838838474025848,1.216812971338466,1.4842056581560588,1.9770084441057787
663,0.8384809336984483,1.2165415027634183,1.483424941442962,1.976238504612935
664,0.8308754642882373,1.2107513264051262,1.4668364819354138,1.9598670210982945
665,0.8262985565690403,1.2072523374709736,1.4568709498840915,1.9500206257225727
666,0.8240114177610115,1.2054997131196896,1.4518959337266495,1.9451018778951914
667,0.82276069625538,1.2045401172262582,1.4491767283190926,1.9424125150698073
668,0.8226829709801519,1.20448045629509,1.4490077773440162,1.9422453969178046
669,0.8226521861402687,1.2044568253544843,1.4489408615628268,1.9421792063635661
670,0.81524609136398,1.1987570248291957,1.4328598025245896,1.9262609306500178
671,0.8053257149118572,1.1910754559821535,1.4113736714376865,1.9049557463965816
672,0.8031432642152094,1.1893782312631966,1.4066551908306697,1.9002712634096617
673,0.8022605361747049,1.1886910043112666,1.4047475883444407,1.8983768091103346
674,0.8003623278136291,1.187211717044883,1.4006471914114902,1.89430350432387
675,0.7963085721737335,1.1840457820062564,1.3918982528475659,1.8856069862459592
676,0.7942432248071176,1.1824291763148054,1.387444825781385,1.881177396844059
677,0.791728385821583,1.1804574410648394,1.382025897756166,1.87578485651635
678,0.7881018972408486,1.1776077023799716,1.37421882344183,1.86801069275015
679,0.783983358221587,1.1743620205428829,1.365362841944782,1.8591846492016701
680,0.7835279503148986,1.1740025183747018,1.3643842704422489,1.8582088984747496
681,0.7744288406412586,1.1667938341485118,1.344860798512009,1.8387210758157093
682,0.7719569664431587,1.164826943813679,1.3395664555020272,1.833429523078478
683,0.7702808815819847,1.1634911621473718,1.3359788634964107,1.829842125412628
684,0.7680255959615686,1.1616910750401963,1.33115445965969,1.8250158044264075
685,0.7613472139845668,1.1563422796052478,1.316888263306964,1.8107291170774182
686,0.7596379215634955,1.1549688356966974,1.31324171489873,1.807073726910604
687,0.7592034790868312,1.154619462808864,1.31231520247243,1.8061447315114372
688,0.7560179029161122,1.1520540399054107,1.3055253757842644,1.7993337643760206
689,0.7480639626367158,1.1456204027497812,1.2886020924718913,1.782334895310505
690,0.741563548011655,1.1403321682342953,1.2748034225656106,1.7684498483751856
691,0.7329268984592621,1.1332630372996761,1.2565150328377421,1.7500116714677507
692,0.7266143226421766,1.1280645223683212,1.2431806711311593,1.7365420048955955
693,0.7254132541620559,1.1270723518521417,1.2406467457544323,1.7339798261677155
694,0.7138823855895858,1.1174962142001805,1.2163714217311796,1.7093916495171693
695,0.713373187944253,1.1170711901241126,1.2153016036863122,1.7083062554995436
696,0.7112139681871074,1.1152668600467641,1.2107671594209408,1.7037040841895443
697,0.708928552157885,1.113353457668696,1.2059713199564286,1.6988335861035373
698,0.7079055221654563,1.1124957422991026,1.20382574855661,1.696653598829087
699,0.7050318711487847,1.110082423630684,1.1978029349105495,1.6905307962688034
700,0.7014077739000879,1.1070303408911295,1.190215743538693,1.6828104777021715
701,0.6987659933075464,1.1047994821475415,1.184691043508931,1.6771837501285292
702,0.6980259073491408,1.1041735943961672,1.1831442230764546,1.6756075880062313
703,0.6904895114817395,1.0977769346969946,1.1674154168435833,1.659560866413571
704,0.6790621038951173,1.0879957853490416,1.1436453384164307,1.635240951033574
705,0.6730647568300129,1.0828220165743492,1.1312090199058678,1.6224825435253318
706,0.671066269998936,1.0810916791399579,1.1270708558877536,1.6182318224229033
707,0.6595574204830835,1.0710647381671117,1.1032986618763196,1.5937595560666606
708,0.6452555464401283,1.0584525843068282,1.0738981612009193,1.5633623212582999
709,0.6335484148217998,1.0479989120610205,1.0499498398492013,1.5384894203230908
710,0.6294180664571554,1.0442821283517847,1.0415264527682788,1.5297157501207377
711,0.6263153140742815,1.0414800375759907,1.0352076373468564,1.5231253716504989
712,0.6242834795380221,1.0396403958307519,1.0310739235407822,1.5188098694269028
713,0.6093041700174654,1.0259610790214997,1.0007013905216282,1.486998458047797
714,0.6014373316193109,1.0186925118414365,0.98482345999468,1.4702934086325259
715,0.5959561502927897,1.013592838385204,0.9737907573924443,1.4586544480161363
716,0.5879835426589111,1.00612225868162,0.9577879108260032,1.4417248325389855
717,0.5855461924980672,1.003825678640989,0.9529062421021418,1.4365490235085638
718,0.5821499677792978,1.000615545943231,0.9461124548650667,1.4293368099669514
719,0.5760858861172213,0.9948542686018826,0.9340062859526639,1.416458394526997
720,0.5745981682695834,0.9934350042688551,0.9310410470360391,1.413298718138349
721,0.5721365034035952,0.9910815074371806,0.9261387643332744,1.4080703515024822
722,0.5701735653440743,0.9892002405711494,0.9222334116757489,1.4039010619108603
723,0.5699304354605859,0.9889669421940475,0.9217499254794308,1.403384641327738
724,0.5688288025723242,0.9879090684715115,0.9195598674207204,1.4010446821391795
725,0.5680803428009475,0.9871896011293219,0.9180725206699989,1.399454859826367
726,0.5670904009484585,0.9862370860420636,0.9161060442204003,1.3973520582076921
727,0.5668156732233407,0.9859725588931697,0.9155604602832967,1.3967684821960953
728,0.5654528350286537,0.9846591242460003,0.9128549588129219,1.3938734881378994
729,0.5615761849260419,0.9809120377311764,0.9051678955101241,1.385638012787411
730,0.548907508210317,0.9685515243642766,0.8801391387071028,1.3587182265655278
731,0.5441384721546979,0.9638517719222948,0.8707541873367509,1.3485812625465947
732,0.5416186372996262,0.9613580139396778,0.8658036670409904,1.343224334397953
733,0.5399151541413832,0.9596679963469323,0.8624602126841672,1.339602550345297
734,0.5330129272047901,0.9527855605902199,0.8489400388759598,1.3249246558566752
735,0.5299314002751842,0.9496946420420683,0.8429179414666869,1.318369959755271
736,0.5220135325632432,0.9417000744873529,0.8274845025517288,1.301522597474877
737,0.5189868455323747,0.9386237783309517,0.8216002811201876,1.2950803342100055
738,0.5142275606782339,0.9337634121187335,0.8123650314835368,1.2849476079404412
739,0.5118609218396829,0.9313358944646011,0.8077805731180772,1.2799076606412485
740,0.5106519337068406,0.9300930617679861,0.8054406632667644,1.277332684644546
741,0.5013283226487723,0.9204452273948014,0.7874422085982676,1.2574665172017927
742,0.4990019093455415,0.918020225804494,0.7829642474951918,1.2525071492273483
743,0.4967836602492037,0.9157012943260803,0.778699351476869,1.2477774169479254
744,0.4898274980655499,0.9083866020379394,0.7653561554158632,1.2329392645933757
745,0.4893787650664524,0.9079124888405631,0.7644970260210896,1.2319817343743336
746,0.48893388304327645,0.9074421727049534,0.7636454645872016,1.2310323795542462
747,0.4886949783367356,0.9071894979124258,0.7631882504220475,1.2305225521419678
748,0.48460941506570776,0.9028562955149748,0.7553780228345053,1.2218019668396853
749,0.4792134980078868,0.89709774428448,0.745088153108937,1.210278696309164
750,0.4671157524723496,0.8840362846129646,0.7221240727603581,1.1844174867687718
751,0.46604813730425726,0.8828734075784195,0.7201046274347302,1.1821334232307992
752,0.465382004774501,0.8821469846167358,0.7188451949589038,1.180708136205236
753,0.4627320461690707,0.8792506660288784,0.7138395091055287,1.1750369427352978
754,0.4623239179183841,0.8788036656256012,0.7130692077617508,1.174163328843612
755,0.4564173392035513,0.8723064562297941,0.7019403455998788,1.161514650436722
756,0.45048962941112747,0.8657324939980184,0.690808068008923,1.1488100869357063
757,0.45030155195770905,0.8655230225161735,0.6904554583445784,1.1484068085096193
758,0.44829726830194777,0.8632873201030636,0.6867001123889322,1.14410848242174
759,0.44480581747682046,0.859377667024718,0.6801684285748069,1.1366176566230786
760,0.439820649942396,0.8537617868544372,0.6708647501542981,1.1259148856014725
761,0.43396605688609824,0.8471151894810218,0.6599724132787572,1.1133341934390393
762,0.43354102421733287,0.8466304731811343,0.6591830861666897,1.1124203648549167
763,0.43255079342899855,0.8455000356031188,0.6573448885854806,1.1102910842417235
764,0.43044685395762405,0.8430928012262413,0.6534428038588775,1.1057657659026985
765,0.4259780938466614,0.8379552717660588,0.6451707733649862,1.096148261324616
766,0.4234995360135412,0.8350912276251465,0.640592187921862,1.090810537825552
767,0.41953282190042573,0.8304856793632527,0.6332786474875126,1.0822626722594875
768,0.41694910842988747,0.827471210891922,0.6285243582763754,1.076691423877623
769,0.41559904009352955,0.8258914191204361,0.626043054689905,1.0737791194886426
770,0.4119498380274242,0.8216051930766934,0.6193463535491708,1.0659031618056662
771,0.4119061252091876,0.8215537063085683,0.6192662261128535,1.065808781273358
772,0.4054171859575759,0.8138726953279612,0.6073956596352834,1.0517886059319097
773,0.40113942312922996,0.8087671644108798,0.5995962975863302,1.0425348879823333
774,0.3891625561085399,0.7942905893302378,0.5778719369696216,1.0165764763832938
775,0.38805626305964214,0.7929395681272458,0.5758737162643515,1.0141748294542292
776,0.3846862813896915,0.7888093850081676,0.5697956414303232,1.0068547101038279
777,0.38191368770381834,0.7853945876173603,0.5648050958067588,1.0008273270977157
778,0.37785883362524925,0.780372928983426,0.5575230407933846,0.992004261139894
779,0.37309659824978264,0.7744327548361056,0.5489958307734104,0.9816292214614173
780,0.3722696823168174,0.773396568918503,0.547517957399585,0.9798262551563474
781,0.37078090155392673,0.7715274561774826,0.5448592856937783,0.97657909621108
782,0.370145930406731,0.7707288733446587,0.543726171859348,0.9751937376249487
783,0.3651103759231229,0.7643659320125505,0.5347576228306042,0.9641980155733496
784,0.3632488063690821,0.7620000781997067,0.5314499744658343,0.9601287863918578
785,0.35908186801162595,0.7566774198604476,0.5240616864115549,0.9510116130602912
786,0.3511723122736427,0.74646983361663,0.5100971703315595,0.9336717251547663
787,0.350144735465767,0.7451335071879304,0.5082887503320758,0.9314156223974923
788,0.3457014891714651,0.7393277501465041,0.500484608694949,0.9216509757705915
789,0.3347871432245034,0.7248728854990066,0.4814225221368266,0.8975986669421747
790,0.3346115059222902,0.7246379751724406,0.4811170366288331,0.8972108048997351
791,0.32688967267320523,0.7142364251256185,0.4677267035032447,0.8801321754329117
792,0.3247665154455701,0.7113508211508508,0.4640588527223105,0.8754270351152582
793,0.3245839781468467,0.7111022093801838,0.4637437929157455,0.875022321495941
794,0.3194247829747636,0.7040408621276573,0.4548575551955612,0.863570789955231
795,0.31813444661718815,0.7022642330303142,0.45264069714980637,0.8607027858854774
796,0.3158861564468104,0.6991584080656128,0.4487834437639979,0.8557017196034351
797,0.31286445411686437,0.6949635426130972,0.4436101836477968,0.84897247600352
798,0.3108427782504084,0.6921436100239382,0.44015601352234657,0.8444651696568618
799,0.3107133000144824,0.6919626400821358,0.43993498340805404,0.8441763582797198
800,0.3092648747308708,0.6899351662917665,0.4374639825183047,0.8409443650073197
801,0.30149237459373535,0.6789591007098719,0.42425410737302316,0.8235634682431554
802,0.29991347400079704,0.6767092824996099,0.4215810346125174,0.820024795023425
803,0.29957758772012444,0.6762297791025262,0.42101283554310653,0.8192716441050427
804,0.29810053268603076,0.6741174462458908,0.41851608830071485,0.8159581881987296
805,0.29790439096637744,0.6738364867510283,0.4181847723816975,0.8155180033560057
806,0.2936319132248091,0.6676895982646243,0.4109814765878682,0.8059188249645357
807,0.28587237357837464,0.6563920814174016,0.3979663514146682,0.7884306116852142
808,0.2822300588554176,0.6510281626010553,0.39188736360119214,0.780196469688055
809,0.2814610714832839,0.6498906355621126,0.3906064289240814,0.7784559060629501
810,0.28065121774661167,0.6486907329072077,0.3892583667666263,0.7766220331428297
811,0.2799498708796607,0.6476499968963028,0.38809170743532406,0.7750331929866872
812,0.27381928159151014,0.6384887730687097,0.3779249552676151,0.7611176636662809
813,0.27105740024073377,0.6343234964648029,0.3733631906684506,0.7548322558710454
814,0.2705517195166673,0.6335582657554947,0.37252921425755636,0.7536803167870438
815,0.27009562966374223,0.6328673855835402,0.37177735672595374,0.7526410438615523
816,0.26963912969087667,0.6321752238376295,0.37102513959572164,0.751600548872524
817,0.26723730440055626,0.6285225517905982,0.3670726597170149,0.7461213188180449
818,0.26710184658196784,0.628315998750684,0.36685001072028284,0.7458120609296042
819,0.26615601545785683,0.6268721009617354,0.3652961522933104,0.7436519513246223
820,0.26572661693165356,0.626215632208924,0.3645911677559057,0.742670862350602
821,0.2656706802364957,0.6261300717393531,0.3644993519828142,0.7425430389440815
822,0.26336251002263555,0.622590646013466,0.36071486634833394,0.7372646213284154
823,0.2630392550790104,0.622093568919101,0.36018551198822296,0.7365247741533811
824,0.25905971486747054,0.6159459168911502,0.3536819878406055,0.7274040531366042
825,0.25785019759256905,0.6140670045123187,0.3517102334196693,0.7246272809938438
826,0.25233089764315736,0.6054303107939565,0.34274184957465725,0.711927818006908
827,0.24427500314711378,0.5926349404401131,0.329738701483394,0.6933049437480024
828,0.24304893536552197,0.5906673621604424,0.3277688508087853,0.6904612434684887
829,0.24200029692888325,0.5889802172102209,0.326086003270553,0.6880270464529084
830,0.23894062862119844,0.5840346672084216,0.3211861280414964,0.6809138669140304
831,0.2374225519925122,0.581568130131927,0.3187607184471001,0.6773785577806565
832,0.233554804297291,0.575245086893325,0.31259848065127044,0.6683527725531775
833,0.22982781159641208,0.5690985945272882,0.3066840674428751,0.6596296583697585
834,0.2276319975323013,0.5654522756463145,0.3032104234787327,0.6544781490656308
835,0.22715025022060298,0.5646497881704785,0.30244941798433794,0.6533467158183961
836,0.2268833121352562,0.5642047360152178,0.3020279110611381,0.6527195928456904
837,0.22339002723959983,0.558354694803368,0.29652302550102916,0.6445000327680904
838,0.22092248469406345,0.5541931372112983,0.29264712449235986,0.6386795316256912
839,0.22089562219785558,0.5541476983195881,0.2926049877062373,0.6386161007344986
840,0.22019288906414086,0.5529579625299887,0.29150311512474314,0.6369562077868254
841,0.21748116503324783,0.5483481383515125,0.2872591850180165,0.630541556603138
842,0.21630056114013987,0.5463317306764971,0.2854154926739216,0.6277440790955064
843,0.2085102270049432,0.5328798682818897,0.2733110071464063,0.609210461015268
844,0.20814685720136783,0.5322461130152916,0.27274903072384926,0.6083427616369701
845,0.19920336266417135,0.5164648160438725,0.25899211366257735,0.5868916040012689
846,0.19816212526453114,0.5146042095230949,0.25739991356019243,0.584382003601364
847,0.19503559532254122,0.5089874509273176,0.25263097702383586,0.5768306098270666
848,0.19414432056162853,0.5073779941854484,0.2512748101298319,0.5746735440595272
849,0.19411837107788044,0.5073310792508013,0.25123534736042386,0.5746107114599701
850,0.19250845653104282,0.504414283191164,0.24878951077858874,0.5707092602114452
851,0.19037308164060077,0.500526576883558,0.24555283395015987,0.5655243005448296
852,0.18772425205960686,0.49567375294584304,0.24154978110309072,0.5590763003705448
853,0.18327232367901725,0.4874405601216496,0.23485171242644567,0.5481973181008238
854,0.17501983398978802,0.4719156536603626,0.22253632658878714,0.5278866163057961
855,0.173835808657277,0.46965939274407076,0.22078026284292263,0.524956535860446
856,0.17325199700754296,0.4685441731692389,0.219915409747536,0.5235102699605163
857,0.17066295333293852,0.4635766646460695,0.2160881438164483,0.5170842259294919
858,0.16649014974210027,0.4554943710589172,0.20994777338017506,0.5066842821037663
859,0.16589884363655094,0.4543413595647197,0.2090804798578515,0.5052061775618717
860,0.16366939873390168,0.44997660629683095,0.2058168137174679,0.4996231871073107
861,0.15797090858138316,0.43869245738237245,0.19752089434799702,0.48527945601991923
862,0.15432273786666806,0.4313694850595959,0.19224503258272918,0.4760391823559508
863,0.15269193671141132,0.4280704176049638,0.1898956084318044,0.4718936294255045
864,0.15249423770397696,0.42766939152643313,0.18961117159193452,0.4713904325066266
865,0.14933943967117616,0.42123785205773523,0.18508341014202911,0.46334164227026725
866,0.14913549682999513,0.4208199856660415,0.1847914373914391,0.4628200830657898
867,0.1453222037553668,0.41295911058584145,0.17934852941653148,0.4530396404897368
868,0.14348933237613193,0.40914812243145166,0.17674349758444685,0.4483191036397506
869,0.1399448748571181,0.40171694900407473,0.17172649960618536,0.43915338495176287
870,0.13991349242022372,0.40165078787378117,0.1716822018867042,0.43907201056056383
871,0.13849749455064558,0.3986587897386672,0.16968570710430575,0.435396229400944
872,0.13747290534583162,0.3964855396674247,0.16824383390196307,0.43273144921540374
873,0.1359331063321647,0.393206256250593,0.1660812873940082,0.42871861467066197
874,0.13482273686242072,0.39083157975917976,0.16452511334858028,0.4258188129040449
875,0.13440101371404128,0.38992746840359316,0.16393479146375045,0.4247161045337423
876,0.13411008925733303,0.38930306121722935,0.16352779110633842,0.42395496840239616
877,0.12371435946992887,0.36660068341796326,0.14910985876718322,0.39651472935827115
878,0.12080142757345752,0.3600985687490145,0.14511439927888506,0.38873747614077414
879,0.11851614808648833,0.3549526068370905,0.14199373341900562,0.38260749001083266
880,0.11626034082615905,0.34983357251375974,0.1389253945214286,0.3765313526811747
881,0.11622673332586869,0.3497570082828242,0.1388797729838341,0.3764406367905439
882,0.11609976022808349,0.34946765965302384,0.13870743368296926,0.3760978500823196
883,0.11113752071176905,0.3380592487910556,0.13200245133132493,0.3626366152680443
884,0.11101280031962908,0.33776995418466443,0.1318346928759301,0.36229662496213894
885,0.11077776416274454,0.33722443150174863,0.131518653744407,0.36165568668308634
886,0.10865523252877587,0.33227740698280334,0.12867069334242998,0.35585415998489195
887,0.10670646441642763,0.3277023355521804,0.12606557769112284,0.3505059590243705
888,0.10646149353166566,0.32712495915920126,0.12573876032794376,0.3498321734493247
889,0.10634325860982291,0.3268461069577447,0.12558107518706607,0.34950685176716395
890,0.10614817973983914,0.3263857618313483,0.1253209817069658,0.3489699241719194
891,0.10460242472429032,0.32272661478377984,0.12326339169790358,0.3447078728329015
892,0.10095416995653061,0.3140082284589833,0.11843068076789842,0.33459428353780846
893,0.09922931514583247,0.3098452905884511,0.11615745303043534,0.3297854023553666
894,0.09700511556285756,0.3044374832191265,0.1132372495696798,0.3235577531813639
895,0.09638498648971423,0.3029216525951044,0.1124253141954725,0.32181598872416495
896,0.09356509278631175,0.2959835729589695,0.10874567001331369,0.3138651857303326
897,0.0934146836570135,0.29561140186829177,0.10854997877875043,0.3134396756223229
898,0.09217796539536113,0.29254309513838544,0.10694315747431146,0.3099354145016414
899,0.09122658133059326,0.2901727053406137,0.10570976560908678,0.3072328400832939
900,0.0867587522736962,0.2789223102275661,0.0999493298536635,0.29445984855621776
901,0.08606376733612456,0.2771543416568827,0.09905801728389405,0.29246062035404713
902,0.08450957665621034,0.2731827957749175,0.09706944054621094,0.28797739937816746
903,0.08164262599667962,0.26579084971671824,0.09341820940872676,0.27966162811877904
904,0.08105209092585652,0.26425748032921176,0.09266888705720039,0.2779412188958239
905,0.0798882790699352,0.26122461307197475,0.0911949172627689,0.2745430082085269
906,0.07874982942417061,0.258243656870205,0.08975664643587186,0.27120888452297226
907,0.0748543567651676,0.24793523786735536,0.08486225910721862,0.2597238168955533
908,0.07373456946760935,0.24494028638637422,0.08346312148096251,0.2563998111019046
909,0.07073405586334519,0.2368433919348324,0.07973143184969045,0.24744164461919105
910,0.06952239467691941,0.23354350108871383,0.07823172637046857,0.24380245860479527
911,0.06726277577164519,0.22734199368214641,0.07544612977411674,0.2369813878405516
912,0.0671020028395638,0.2268983616751296,0.07524849150290286,0.23649433115282634
913,0.06151237891457643,0.2112707685899748,0.0684238049882685,0.219411924416898
914,0.06114962629288592,0.2102425572073366,0.0679840609816104,0.2182930227981683
915,0.054343945199561844,0.19061839138197964,0.059806700842507915,0.19705311910089604
916,0.054001598836283055,0.18961395914688509,0.05939904627321532,0.19597175856239982
917,0.049292610455180894,0.17562103047817632,0.05382827195979255,0.1809637089201516
918,0.048257004969424595,0.17249818536608538,0.052612364220286804,0.17762848090356761
919,0.047075491027538593,0.1689146556536,0.05122924970961576,0.17380748042487917
920,0.04535244789663398,0.16364835143063403,0.049220096423128516,0.1682041593062063
921,0.04460389078872532,0.16134528606062604,0.04835017597217976,0.16575813676978562
922,0.04356128749540995,0.15812194210161046,0.047141513886424805,0.16233918766484695
923,0.04238372994126781,0.1544592000582271,0.045780592131711956,0.15846045596693953
924,0.041488449733615956,0.15165847326598988,0.044748891350591,0.15549903568904994
925,0.040825823622389124,0.14957653477344024,0.04398696578264243,0.15330012967893142
926,0.03981673756882103,0.14639107437822696,0.042829400848012525,0.1499397719911995
927,0.03903202404582764,0.14390125291047376,0.041931518793305866,0.1473166462470845
928,0.037850196202122675,0.1401301780290259,0.04058306115727538,0.143349293623494
929,0.03775527719952281,0.1398261815529983,0.04047495851282039,0.14302976777891574
930,0.037269077799471355,0.13826639362161744,0.039921695145560446,0.1413909833855031
931,0.03695410426554818,0.13725354899025782,0.03956369254596564,0.14032745365312604
932,0.03613087349105932,0.13459744032519133,0.03862955083718295,0.13754069999679897
933,0.035956773416784445,0.13403405636852486,0.03843228311872362,0.13695002624502547
934,0.03593792063363675,0.13397301420030805,0.03841092762869002,0.1368860360706331
935,0.03565269200985794,0.13304865498920349,0.03808797924538292,0.13591724573391137
936,0.034700159514749335,0.12995026195996212,0.03701144634780732,0.1326727892745875
937,0.034641948045083436,0.1297603356192489,0.03694575526505944,0.1324740524951926
938,0.03446445959577615,0.12918083191796464,0.03674553132166435,0.13186776804009612
939,0.0343861510053267,0.12892495459256317,0.03665722530844843,0.13160011447984213
940,0.034268396756304345,0.12853995776094962,0.03652447643858593,0.13119745507851815
941,0.031759379138704094,0.12027029134736154,0.03370706681973598,0.12256452538016352
942,0.02951117764931172,0.1127489376687996,0.031200699631073057,0.11473907133728915
943,0.027851746316309125,0.10712680451208106,0.029361851940530988,0.10890559879719969
944,0.02735474574876552,0.10543094863571464,0.02881297163500096,0.10714863237335666
945,0.026683369451601636,0.10313110546120371,0.028072878250546933,0.10476784548192879
946,0.02657265532964905,0.10275084553287062,0.02795098327456679,0.1043744153230317
947,0.026475449062074226,0.10241674449123189,0.02784399559765107,0.10402879249460077
948,0.02538425898722906,0.098651037149199,0.02664527484446276,0.10013642185627676
949,0.0246904508652876,0.09624191504322599,0.025885271780463296,0.0976493269365165
950,0.024168238286906736,0.09442090542071042,0.025314356330477458,0.09577094888341553
951,0.02359152590386943,0.09240202866284056,0.024684980221958284,0.0936900380979799
952,0.02244207007324392,0.0883532161007961,0.02343408654449989,0.08952173915078006
953,0.02189684082737355,0.08642086487181214,0.022842391119491632,0.08753465415180278
954,0.02054270874755048,0.081587778261429,0.02137747356318701,0.0825710703303116
955,0.01977995885267326,0.07884360600379105,0.020555234688855548,0.0797568243937313
956,0.01965378982704531,0.07838813558979266,0.020419428654822238,0.07929000228671082
957,0.017294408579258264,0.06978715406611612,0.017890529317898807,0.07048934081790766
958,0.01722024836196241,0.06951416501171535,0.017811371598430707,0.070210465070443
959,0.017148807208060553,0.06925102859683066,0.017735135335164957,0.06994168036646103
960,0.017074255075235287,0.0689762695573688,0.01765559934275655,0.06966105070391021
961,0.01687350156551415,0.0682355637701555,0.0174415272495707,0.06890465659677221
962,0.016048980443767267,0.06518043424299984,0.016563867327581267,0.06578693343863248
963,0.015125201460897755,0.06173220673506018,0.01558354917778583,0.062272106915762966
964,0.013815778146211906,0.056796898623711366,0.014199443160108988,0.05724882802730639
965,0.013645539353453008,0.05615103195118205,0.01401996745187066,0.05659208094204078
966,0.012866061675877762,0.05318098617525555,0.01319959192163355,0.053573860478581405
967,0.01212397896955838,0.05033343930403858,0.012420709510258653,0.050682966238811626
968,0.010329093955794788,0.0433613183352265,0.010545492390356116,0.043616219908025194
969,0.010238292374749953,0.04300528324619124,0.010450954974918271,0.04325578427854968
970,0.009646497816485439,0.04067666945052135,0.009835590595697188,0.04089940695286816
971,0.008891305162629136,0.03768397707488949,0.009052286536496775,0.0378736013920586
972,0.008617184053328723,0.03659163837473262,0.008768508879237467,0.036769887982710706
973,0.007807743217432116,0.03334660644772216,0.007932262338655696,0.03349328089066693
974,0.007408587707924623,0.03173531915656833,0.00752083135891402,0.03186753399089402
975,0.007132553312899169,0.03061661228027455,0.007236673540174053,0.03073925831395001
976,0.007116004728803033,0.03054942756737401,0.0072196474616481685,0.03067151114743749
977,0.006032902092335862,0.026122410626954654,0.006107641085785567,0.026210447710117202
978,0.00566130377116231,0.024589493138528002,0.00572719588474534,0.024667109242458664
979,0.005612086521197675,0.024385899789569187,0.005676848023160114,0.024462184115472446
980,0.00474388745821545,0.020771963369379226,0.004790291951305011,0.02082662447770671
981,0.00447974847358243,0.01966366638645242,0.004521165883734023,0.019712453074814056
982,0.002778427680178059,0.01241499374081655,0.0027944579310698213,0.012433876207193679
983,0.0026661767267990837,0.011929342554472599,0.0026809443731667525,0.01194673776480896
984,0.0017060052044418762,0.007731110660396628,0.0017120761362525857,0.007738261775283575
985,0.0015706486629341533,0.007132304532849099,0.0015757976859299945,0.007138369706391954
986,0.0015065230884004953,0.00684795069188739,0.0015112616876148508,0.006853532416150092
987,0.0014733510621490146,0.006700682363870125,0.0014778839996657674,0.006706021833653078
988,0.0013061643688400556,0.005956604150288144,0.0013097298526684063,0.005960804030187817
989,0.0012220986638954699,0.005581256991848258,0.0012252212906653508,0.005584935218433027
990,0.0007184650396728827,0.00331371275013567,0.0007195473268319262,0.0033149876054719358
991,0.0005552776438852705,0.0025710386555230875,0.0005559248062058623,0.0025718009655356774
992,0.0004927597407572192,0.002285302610098181,0.0004932696040153854,0.0022859031918292007
993,0.0004644971142124859,0.002155891165560116,0.00046495026057464015,0.0021564249389243056
994,0.00035696222751634013,0.0016620460195143356,0.0003572300691575463,0.0016623615174325291
995,0.00031994468746174314,0.0014914737614033131,0.0003201599247872154,0.001491727295274291
996,0.0002786009149908526,0.0013005887521632276,0.00027876417902273465,0.0013007810652850512
997,0.00024934391749076903,0.0011652528266969631,0.0002494747273531546,0.0011654069111741788
998,0.00024264646335087412,0.0011342407388345724,0.00024277034830185332,0.001134386666271223
999,0.00014563120660954898,0.0006835765894136871,0.0001456758776188538,0.0006836292086045485
1000,7.300969156187938e-06,3.464791159672682e-05,7.301081716822794e-06,3.4648044184945014e-05
